{
  "config_name": "1000SHIBUSDT long-0.00181735290926148 short-0.000436245260319577",
  "logging_level": 0,
  "long": {
    "auto_unstuck_ema_dist": 0.013288589444830395,
    "auto_unstuck_wallet_exposure_threshold": 0.7606735511869778,
    "ddown_factor": 1.5977284651406107,
    "ema_span_0": 35.570431587253225,
    "ema_span_1": 214.70517760508898,
    "enabled": true,
    "initial_eprice_ema_dist": -0.007983299493366491,
    "initial_qty_pct": 0.0897961955347172,
    "markup_range": 0.02872621363125355,
    "min_markup": 0.023283812739928952,
    "n_close_orders": 4,
    "rentry_pprice_dist": 0.021772089592009245,
    "rentry_pprice_dist_wallet_exposure_weighting": 0.6989091399026699,
    "wallet_exposure_limit": 0.1
  },
  "short": {
    "auto_unstuck_ema_dist": 0.028849440879187418,
    "auto_unstuck_wallet_exposure_threshold": 0.7919564397545006,
    "ddown_factor": 2.013193599404264,
    "ema_span_0": 54.761689971122195,
    "ema_span_1": 1203.5331596047765,
    "enabled": true,
    "initial_eprice_ema_dist": -0.018408252493621706,
    "initial_qty_pct": 0.06536816635777538,
    "markup_range": 0.015774508385386053,
    "min_markup": 0.03900462155248712,
    "n_close_orders": 10,
    "rentry_pprice_dist": 0.01777043330810561,
    "rentry_pprice_dist_wallet_exposure_weighting": 72.1423845841642,
    "wallet_exposure_limit": 0.1
  }
}