{
  "config_name": "ADAUSDT long-0.00050829802541842 short--0.000384101978984772",
  "logging_level": 0,
  "long": {
    "auto_unstuck_ema_dist": 0.09680637104974017,
    "auto_unstuck_wallet_exposure_threshold": 0.18001808355732776,
    "ddown_factor": 0.67886579062929,
    "ema_span_0": 49.31551767273155,
    "ema_span_1": 547.8114563578355,
    "enabled": true,
    "initial_eprice_ema_dist": -0.02850519411252517,
    "initial_qty_pct": 0.05140656771402959,
    "markup_range": 0.0057314806351370364,
    "min_markup": 0.00588441752701498,
    "n_close_orders": 11,
    "rentry_pprice_dist": 0.03352101384926227,
    "rentry_pprice_dist_wallet_exposure_weighting": 1.1595388952875179,
    "wallet_exposure_limit": 0.1
  },
  "short": {
    "auto_unstuck_ema_dist": 0.038453974258316724,
    "auto_unstuck_wallet_exposure_threshold": 0.030338815179805335,
    "ddown_factor": 1.7545780960723092,
    "ema_span_0": 9.970584067982138,
    "ema_span_1": 1203.1885965903186,
    "enabled": false,
    "initial_eprice_ema_dist": -0.049648090134093395,
    "initial_qty_pct": 0.08928874778078637,
    "markup_range": 0.001446167234971278,
    "min_markup": 0.005797593533077375,
    "n_close_orders": 5,
    "rentry_pprice_dist": 0.01551497362130579,
    "rentry_pprice_dist_wallet_exposure_weighting": 61.85428065893984,
    "wallet_exposure_limit": 0.1
  }
}