{
  "config_name": "ADAUSDT long--0.000128450487434373 short-0.00210623902405708",
  "logging_level": 0,
  "long": {
    "auto_unstuck_ema_dist": 0.005910599820607041,
    "auto_unstuck_wallet_exposure_threshold": 0.5133993367671935,
    "ddown_factor": 0.11325608796428235,
    "ema_span_0": 39.78421487401704,
    "ema_span_1": 74.395065341833,
    "enabled": false,
    "initial_eprice_ema_dist": -0.0016337542943594251,
    "initial_qty_pct": 0.033812036366089815,
    "markup_range": 0.023910996250878606,
    "min_markup": 0.059041130806765055,
    "n_close_orders": 8,
    "rentry_pprice_dist": 0.043503864976643526,
    "rentry_pprice_dist_wallet_exposure_weighting": 67.48824564848948,
    "wallet_exposure_limit": 0.1
  },
  "short": {
    "auto_unstuck_ema_dist": 0.04299149121701599,
    "auto_unstuck_wallet_exposure_threshold": 0.44788005965837757,
    "ddown_factor": 0.7561378684809369,
    "ema_span_0": 21.396684817534066,
    "ema_span_1": 748.0039982393387,
    "enabled": true,
    "initial_eprice_ema_dist": -0.024087544098199812,
    "initial_qty_pct": 0.0488766692416294,
    "markup_range": 0.027746210563830153,
    "min_markup": 0.012438835925623028,
    "n_close_orders": 11,
    "rentry_pprice_dist": 0.01086811481815683,
    "rentry_pprice_dist_wallet_exposure_weighting": 0.0,
    "wallet_exposure_limit": 0.1
  }
}