{
  "config_name": "BNBUSDT long--0.0014419836031622 short-0.004144345417651",
  "logging_level": 0,
  "long": {
    "auto_unstuck_ema_dist": 0.005285053132167841,
    "auto_unstuck_wallet_exposure_threshold": 0.8861841790456508,
    "ddown_factor": 0.8570511560986712,
    "ema_span_0": 29.135712486063895,
    "ema_span_1": 60.0,
    "enabled": false,
    "initial_eprice_ema_dist": -0.0026429076241410647,
    "initial_qty_pct": 0.02948826415413752,
    "markup_range": 0.005007267262269444,
    "min_markup": 0.04753257179102491,
    "n_close_orders": 7,
    "rentry_pprice_dist": 0.023112831427316932,
    "rentry_pprice_dist_wallet_exposure_weighting": 12.001604266087156,
    "wallet_exposure_limit": 0.1
  },
  "short": {
    "auto_unstuck_ema_dist": 0.005264448588586839,
    "auto_unstuck_wallet_exposure_threshold": 0.7198204491602734,
    "ddown_factor": 0.7692720498417714,
    "ema_span_0": 12.056545842267308,
    "ema_span_1": 792.8306499272361,
    "enabled": true,
    "initial_eprice_ema_dist": 0.0,
    "initial_qty_pct": 0.03578020307616537,
    "markup_range": 0.06,
    "min_markup": 0.02281777877984812,
    "n_close_orders": 13,
    "rentry_pprice_dist": 0.04218607396474566,
    "rentry_pprice_dist_wallet_exposure_weighting": 86.63865553843813,
    "wallet_exposure_limit": 0.1
  }
}