{
  "config_name": "BNBUSDT long-0.00103723497781712 short-0.0000341211044117392",
  "logging_level": 0,
  "long": {
    "auto_unstuck_ema_dist": 0.015858238272768044,
    "auto_unstuck_wallet_exposure_threshold": 0.12556729814296477,
    "ddown_factor": 0.4606404102563585,
    "ema_span_0": 12.634230810999336,
    "ema_span_1": 432.35147831051097,
    "enabled": true,
    "initial_eprice_ema_dist": -0.01111020531575678,
    "initial_qty_pct": 0.05632683830118122,
    "markup_range": 0.005474998190636265,
    "min_markup": 0.005393034758358011,
    "n_close_orders": 11,
    "rentry_pprice_dist": 0.005,
    "rentry_pprice_dist_wallet_exposure_weighting": 0.0,
    "wallet_exposure_limit": 0.1
  },
  "short": {
    "auto_unstuck_ema_dist": 0.0305152227626189,
    "auto_unstuck_wallet_exposure_threshold": 0.17531878521212538,
    "ddown_factor": 0.7498607865673518,
    "ema_span_0": 34.40026168389002,
    "ema_span_1": 1254.9406284530405,
    "enabled": true,
    "initial_eprice_ema_dist": -0.025565811220387563,
    "initial_qty_pct": 0.054833722389133484,
    "markup_range": 0.004457489589935948,
    "min_markup": 0.005640403484462015,
    "n_close_orders": 7,
    "rentry_pprice_dist": 0.011722446285760146,
    "rentry_pprice_dist_wallet_exposure_weighting": 10.20695552049341,
    "wallet_exposure_limit": 0.1
  }
}