{
  "config_name": "BTCUSDT long--0.000220909953044172 short-0.010403878732906",
  "logging_level": 0,
  "long": {
    "auto_unstuck_ema_dist": 0.00939054872967634,
    "auto_unstuck_wallet_exposure_threshold": 0.5349760423784936,
    "ddown_factor": 0.15097734174113006,
    "ema_span_0": 56.88088116745044,
    "ema_span_1": 1436.3743831290874,
    "enabled": false,
    "initial_eprice_ema_dist": 0.0,
    "initial_qty_pct": 0.03963502318517049,
    "markup_range": 0.04422862251002004,
    "min_markup": 0.012139184494692052,
    "n_close_orders": 7,
    "rentry_pprice_dist": 0.015268000453618414,
    "rentry_pprice_dist_wallet_exposure_weighting": 21.253347461481823,
    "wallet_exposure_limit": 0.1
  },
  "short": {
    "auto_unstuck_ema_dist": 0.014413585297162395,
    "auto_unstuck_wallet_exposure_threshold": 0.763493462696097,
    "ddown_factor": 0.3270956173428741,
    "ema_span_0": 48.52275536774298,
    "ema_span_1": 1399.2997977307652,
    "enabled": true,
    "initial_eprice_ema_dist": -0.004663983262960739,
    "initial_qty_pct": 0.02994074438279569,
    "markup_range": 0.013305943613899668,
    "min_markup": 0.021221427904316935,
    "n_close_orders": 9,
    "rentry_pprice_dist": 0.017195935912764766,
    "rentry_pprice_dist_wallet_exposure_weighting": 17.881619765577064,
    "wallet_exposure_limit": 0.1
  }
}