{
  "config_name": "BTCUSDT long-0.00161052271095193 short-0.000659985489410922",
  "logging_level": 0,
  "long": {
    "auto_unstuck_ema_dist": 0.015296588133573586,
    "auto_unstuck_wallet_exposure_threshold": 0.9544823417855391,
    "ddown_factor": 1.836264529309008,
    "ema_span_0": 41.37689572686528,
    "ema_span_1": 711.1613722586544,
    "enabled": true,
    "initial_eprice_ema_dist": -0.007483522937927556,
    "initial_qty_pct": 0.05,
    "markup_range": 0.052547469731302615,
    "min_markup": 0.03141900179737562,
    "n_close_orders": 12,
    "rentry_pprice_dist": 0.025865364401152707,
    "rentry_pprice_dist_wallet_exposure_weighting": 27.813340612980408,
    "wallet_exposure_limit": 0.1
  },
  "short": {
    "auto_unstuck_ema_dist": 0.014749214968775175,
    "auto_unstuck_wallet_exposure_threshold": 0.5006888945662291,
    "ddown_factor": 1.6684576448048833,
    "ema_span_0": 53.35266095264387,
    "ema_span_1": 1202.8090860971986,
    "enabled": true,
    "initial_eprice_ema_dist": -0.016710043632638838,
    "initial_qty_pct": 0.09648033706235076,
    "markup_range": 0.05654483503566987,
    "min_markup": 0.057292284514997245,
    "n_close_orders": 5,
    "rentry_pprice_dist": 0.009872115598200575,
    "rentry_pprice_dist_wallet_exposure_weighting": 41.4815585432486,
    "wallet_exposure_limit": 0.1
  }
}