{
  "config_name": "DOGEUSDT long-0.00149380782957217 short--0.000401274710746306",
  "logging_level": 0,
  "long": {
    "auto_unstuck_ema_dist": 0.010762015506251,
    "auto_unstuck_wallet_exposure_threshold": 0.08669274021782052,
    "ddown_factor": 0.6994035169951981,
    "ema_span_0": 47.58081465242764,
    "ema_span_1": 969.8953045509471,
    "enabled": true,
    "initial_eprice_ema_dist": -0.03012491724029089,
    "initial_qty_pct": 0.07658184610700705,
    "markup_range": 0.04861783932196916,
    "min_markup": 0.02130182663007836,
    "n_close_orders": 10,
    "rentry_pprice_dist": 0.022123312941081663,
    "rentry_pprice_dist_wallet_exposure_weighting": 2.191860008657934,
    "wallet_exposure_limit": 0.1
  },
  "short": {
    "auto_unstuck_ema_dist": 0.05308476032199177,
    "auto_unstuck_wallet_exposure_threshold": 0.7074570480706404,
    "ddown_factor": 2.0426969019546166,
    "ema_span_0": 50.39425488320127,
    "ema_span_1": 1163.9574721370968,
    "enabled": false,
    "initial_eprice_ema_dist": -0.09695668617840085,
    "initial_qty_pct": 0.1,
    "markup_range": 0.023893774458711017,
    "min_markup": 0.0597586381370587,
    "n_close_orders": 8,
    "rentry_pprice_dist": 0.05,
    "rentry_pprice_dist_wallet_exposure_weighting": 36.62386268317235,
    "wallet_exposure_limit": 0.1
  }
}