{
  "config_name": "DOTUSDT long-0.000140783840747818 short-0.000320482971897403",
  "logging_level": 0,
  "long": {
    "auto_unstuck_ema_dist": 0.027437264920376604,
    "auto_unstuck_wallet_exposure_threshold": 0.08538912450498257,
    "ddown_factor": 1.0661285937743739,
    "ema_span_0": 5.012530245530169,
    "ema_span_1": 449.65303777020233,
    "enabled": true,
    "initial_eprice_ema_dist": -0.09714837417644204,
    "initial_qty_pct": 0.09932124197308416,
    "markup_range": 0.00543564764894167,
    "min_markup": 0.005931983729167694,
    "n_close_orders": 5,
    "rentry_pprice_dist": 0.01676177692321928,
    "rentry_pprice_dist_wallet_exposure_weighting": 2.1126727799360987,
    "wallet_exposure_limit": 0.1
  },
  "short": {
    "auto_unstuck_ema_dist": 0.039870887592768516,
    "auto_unstuck_wallet_exposure_threshold": 0.03167267842064098,
    "ddown_factor": 1.6998752435752778,
    "ema_span_0": 24.002415348547252,
    "ema_span_1": 1325.521507136976,
    "enabled": true,
    "initial_eprice_ema_dist": -0.05149063569067226,
    "initial_qty_pct": 0.06479337338201828,
    "markup_range": 0.00217726296185689,
    "min_markup": 0.005690835529180894,
    "n_close_orders": 6,
    "rentry_pprice_dist": 0.018864880928124314,
    "rentry_pprice_dist_wallet_exposure_weighting": 28.564733538021052,
    "wallet_exposure_limit": 0.1
  }
}