{
  "config_name": "ETHUSDT long-0.00148321673066583 short-0.00226812066445862",
  "logging_level": 0,
  "long": {
    "auto_unstuck_ema_dist": 0.005555200134305261,
    "auto_unstuck_wallet_exposure_threshold": 0.49780601821119663,
    "ddown_factor": 1.032613413321679,
    "ema_span_0": 12.668295369928353,
    "ema_span_1": 897.9057115899358,
    "enabled": true,
    "initial_eprice_ema_dist": -0.0002770070316696624,
    "initial_qty_pct": 0.02237904153585399,
    "markup_range": 0.04061981606077727,
    "min_markup": 0.016101545779342412,
    "n_close_orders": 9,
    "rentry_pprice_dist": 0.02085933080921313,
    "rentry_pprice_dist_wallet_exposure_weighting": 17.791026061256332,
    "wallet_exposure_limit": 0.1
  },
  "short": {
    "auto_unstuck_ema_dist": 0.006313231778420365,
    "auto_unstuck_wallet_exposure_threshold": 0.431329428100907,
    "ddown_factor": 1.26510754290744,
    "ema_span_0": 3.0879398617319236,
    "ema_span_1": 530.2987031992897,
    "enabled": true,
    "initial_eprice_ema_dist": 0.0,
    "initial_qty_pct": 0.029597209525347362,
    "markup_range": 0.01040848277367009,
    "min_markup": 0.011913684831562263,
    "n_close_orders": 8,
    "rentry_pprice_dist": 0.0052934299137895055,
    "rentry_pprice_dist_wallet_exposure_weighting": 42.9974325379855,
    "wallet_exposure_limit": 0.1
  }
}