{
  "config_name": "ETHUSDT long-0.000829864807036586 short--0.0000558346652275007",
  "logging_level": 0,
  "long": {
    "auto_unstuck_ema_dist": 0.0310535304377988,
    "auto_unstuck_wallet_exposure_threshold": 0.3336553112032988,
    "ddown_factor": 2.8391454718084703,
    "ema_span_0": 57.813294824112575,
    "ema_span_1": 257.797527952259,
    "enabled": true,
    "initial_eprice_ema_dist": -0.06831830157009632,
    "initial_qty_pct": 0.09847423217217653,
    "markup_range": 0.0398663988618383,
    "min_markup": 0.039728887532398866,
    "n_close_orders": 9,
    "rentry_pprice_dist": 0.008761020856262085,
    "rentry_pprice_dist_wallet_exposure_weighting": 0.0,
    "wallet_exposure_limit": 0.1
  },
  "short": {
    "auto_unstuck_ema_dist": 0.06360176713540855,
    "auto_unstuck_wallet_exposure_threshold": 0.3819947410869218,
    "ddown_factor": 0.14271966224721908,
    "ema_span_0": 39.89674846234403,
    "ema_span_1": 1204.027322859196,
    "enabled": false,
    "initial_eprice_ema_dist": -0.09195187250911746,
    "initial_qty_pct": 0.05363394315343896,
    "markup_range": 0.042428406501341324,
    "min_markup": 0.04588196768197284,
    "n_close_orders": 14,
    "rentry_pprice_dist": 0.022786219642862298,
    "rentry_pprice_dist_wallet_exposure_weighting": 25.597970774274685,
    "wallet_exposure_limit": 0.1
  }
}