{
  "config_name": "FTMUSDT long-0.000504077559006095 short-0.000192968201434706",
  "logging_level": 0,
  "long": {
    "auto_unstuck_ema_dist": 0.012734789658747893,
    "auto_unstuck_wallet_exposure_threshold": 0.37424962358818314,
    "ddown_factor": 2.119100520159252,
    "ema_span_0": 12.260480926815159,
    "ema_span_1": 117.07537066514489,
    "enabled": true,
    "initial_eprice_ema_dist": -0.021713048453286417,
    "initial_qty_pct": 0.088708411216671,
    "markup_range": 0.036984421035711895,
    "min_markup": 0.057091574454410064,
    "n_close_orders": 9,
    "rentry_pprice_dist": 0.00817088453107992,
    "rentry_pprice_dist_wallet_exposure_weighting": 4.42166771932142,
    "wallet_exposure_limit": 0.1
  },
  "short": {
    "auto_unstuck_ema_dist": 0.012821333935929224,
    "auto_unstuck_wallet_exposure_threshold": 0.1144787272629806,
    "ddown_factor": 0.21338254973588888,
    "ema_span_0": 37.63198208012448,
    "ema_span_1": 1415.866588854163,
    "enabled": true,
    "initial_eprice_ema_dist": -0.03509515082786438,
    "initial_qty_pct": 0.06333508487004205,
    "markup_range": 0.005,
    "min_markup": 0.04739483655477092,
    "n_close_orders": 9,
    "rentry_pprice_dist": 0.0055350766647816385,
    "rentry_pprice_dist_wallet_exposure_weighting": 11.70100434301988,
    "wallet_exposure_limit": 0.1
  }
}