{
  "config_name": "GALAUSDT long-0.000937594936027876 short-0.000575822982974578",
  "logging_level": 0,
  "long": {
    "auto_unstuck_ema_dist": 0.016275030513487193,
    "auto_unstuck_wallet_exposure_threshold": 0.13487975632800608,
    "ddown_factor": 0.6001470968879796,
    "ema_span_0": 54.11421392943162,
    "ema_span_1": 697.9786709310622,
    "enabled": true,
    "initial_eprice_ema_dist": -0.013929580777204964,
    "initial_qty_pct": 0.09230006474111783,
    "markup_range": 0.014915028519940761,
    "min_markup": 0.023507697111914777,
    "n_close_orders": 7,
    "rentry_pprice_dist": 0.013585040460722961,
    "rentry_pprice_dist_wallet_exposure_weighting": 7.601779173689882,
    "wallet_exposure_limit": 0.1
  },
  "short": {
    "auto_unstuck_ema_dist": 0.01607972372300495,
    "auto_unstuck_wallet_exposure_threshold": 0.06775558132680819,
    "ddown_factor": 2.7532140295907075,
    "ema_span_0": 40.48560264489692,
    "ema_span_1": 339.9385664906641,
    "enabled": true,
    "initial_eprice_ema_dist": -0.009448598641203412,
    "initial_qty_pct": 0.06643963536442744,
    "markup_range": 0.03186473334307625,
    "min_markup": 0.013966150050348684,
    "n_close_orders": 13,
    "rentry_pprice_dist": 0.0075251290016864515,
    "rentry_pprice_dist_wallet_exposure_weighting": 7.663273823518882,
    "wallet_exposure_limit": 0.1
  }
}