{
  "config_name": "GALAUSDT long-0.0012980931939743 short-0.00325234386784438",
  "logging_level": 0,
  "long": {
    "auto_unstuck_ema_dist": 0.01590284241438194,
    "auto_unstuck_wallet_exposure_threshold": 0.5412209797464653,
    "ddown_factor": 2.631168146797596,
    "ema_span_0": 41.049845156157595,
    "ema_span_1": 367.8021064156891,
    "enabled": true,
    "initial_eprice_ema_dist": 0.0,
    "initial_qty_pct": 0.0238302660753945,
    "markup_range": 0.03595340526564852,
    "min_markup": 0.01703759933112149,
    "n_close_orders": 7,
    "rentry_pprice_dist": 0.022746145555078583,
    "rentry_pprice_dist_wallet_exposure_weighting": 73.24413833893254,
    "wallet_exposure_limit": 0.1
  },
  "short": {
    "auto_unstuck_ema_dist": 0.013962081701103319,
    "auto_unstuck_wallet_exposure_threshold": 0.3940928200462652,
    "ddown_factor": 0.3094471669902828,
    "ema_span_0": 40.907531578364335,
    "ema_span_1": 700.2851904967971,
    "enabled": true,
    "initial_eprice_ema_dist": -0.015358183718302864,
    "initial_qty_pct": 0.045434389189728704,
    "markup_range": 0.014327962332037009,
    "min_markup": 0.01435175694269536,
    "n_close_orders": 5,
    "rentry_pprice_dist": 0.006839520924273435,
    "rentry_pprice_dist_wallet_exposure_weighting": 0.0,
    "wallet_exposure_limit": 0.1
  }
}