{
  "config_name": "LUNAUSDT long-0.00735684229662959 short-0.00679656574790168",
  "logging_level": 0,
  "long": {
    "auto_unstuck_ema_dist": 0.06726024610291662,
    "auto_unstuck_wallet_exposure_threshold": 0.18232652080000217,
    "ddown_factor": 0.446259286322917,
    "ema_span_0": 33.47447749177069,
    "ema_span_1": 822.3291338714005,
    "enabled": true,
    "initial_eprice_ema_dist": -0.0036600606992724695,
    "initial_qty_pct": 0.09202591237661083,
    "markup_range": 0.0545530415832034,
    "min_markup": 0.0531709709587142,
    "n_close_orders": 5,
    "rentry_pprice_dist": 0.01442972143391551,
    "rentry_pprice_dist_wallet_exposure_weighting": 53.87492823960442,
    "wallet_exposure_limit": 0.1
  },
  "short": {
    "auto_unstuck_ema_dist": 0.009167435300851479,
    "auto_unstuck_wallet_exposure_threshold": 0.40466071432357226,
    "ddown_factor": 2.5073584954977686,
    "ema_span_0": 28.63805174557619,
    "ema_span_1": 349.57712037334215,
    "enabled": true,
    "initial_eprice_ema_dist": -0.00377094129198656,
    "initial_qty_pct": 0.0744118292591256,
    "markup_range": 0.04184721627111809,
    "min_markup": 0.04345871014277076,
    "n_close_orders": 9,
    "rentry_pprice_dist": 0.031077139048952707,
    "rentry_pprice_dist_wallet_exposure_weighting": 5.451974402864554,
    "wallet_exposure_limit": 0.1
  }
}