{
  "config_name": "MANAUSDT long-0.000845874047515654 short-0.00101821124636971",
  "logging_level": 0,
  "long": {
    "auto_unstuck_ema_dist": 0.01797174136846117,
    "auto_unstuck_wallet_exposure_threshold": 0.33126694872572443,
    "ddown_factor": 2.320756010085362,
    "ema_span_0": 46.93000128934108,
    "ema_span_1": 498.40370385979077,
    "enabled": true,
    "initial_eprice_ema_dist": -0.017825179534043414,
    "initial_qty_pct": 0.06983952947588772,
    "markup_range": 0.03503904009159009,
    "min_markup": 0.031197522035853457,
    "n_close_orders": 8,
    "rentry_pprice_dist": 0.031248842537244085,
    "rentry_pprice_dist_wallet_exposure_weighting": 76.48589729203486,
    "wallet_exposure_limit": 0.1
  },
  "short": {
    "auto_unstuck_ema_dist": 0.010306904218718257,
    "auto_unstuck_wallet_exposure_threshold": 0.28303148374136156,
    "ddown_factor": 0.18221321928446482,
    "ema_span_0": 26.340784600861475,
    "ema_span_1": 294.0423472790145,
    "enabled": true,
    "initial_eprice_ema_dist": -0.0022300611104620473,
    "initial_qty_pct": 0.051016631963413814,
    "markup_range": 0.00864070237150209,
    "min_markup": 0.027094881637095353,
    "n_close_orders": 7,
    "rentry_pprice_dist": 0.005,
    "rentry_pprice_dist_wallet_exposure_weighting": 1.3739974905917542,
    "wallet_exposure_limit": 0.1
  }
}