{
  "config_name": "SANDUSDT long-0.000652841775083869 short-0.00015762667491764",
  "logging_level": 0,
  "long": {
    "auto_unstuck_ema_dist": 0.05186141906889221,
    "auto_unstuck_wallet_exposure_threshold": 0.27321958654930417,
    "ddown_factor": 0.6450693191115187,
    "ema_span_0": 20.0072681357663,
    "ema_span_1": 505.54362937135386,
    "enabled": true,
    "initial_eprice_ema_dist": -0.002167805723488173,
    "initial_qty_pct": 0.09587735502737164,
    "markup_range": 0.033521007785460834,
    "min_markup": 0.014738611461282074,
    "n_close_orders": 14,
    "rentry_pprice_dist": 0.03282818534513007,
    "rentry_pprice_dist_wallet_exposure_weighting": 1.0258203506708041,
    "wallet_exposure_limit": 0.1
  },
  "short": {
    "auto_unstuck_ema_dist": 0.016367174733771396,
    "auto_unstuck_wallet_exposure_threshold": 0.5777033708418746,
    "ddown_factor": 0.7080327589501297,
    "ema_span_0": 38.81365835708579,
    "ema_span_1": 463.6647101475043,
    "enabled": true,
    "initial_eprice_ema_dist": -0.0015165854969134418,
    "initial_qty_pct": 0.09549067132847786,
    "markup_range": 0.053948446143657715,
    "min_markup": 0.03305294105044925,
    "n_close_orders": 5,
    "rentry_pprice_dist": 0.04667193257147766,
    "rentry_pprice_dist_wallet_exposure_weighting": 90.0,
    "wallet_exposure_limit": 0.1
  }
}