{
  "config_name": "DYDXUSDT long-0.00167736278901195 short-0.00111261578215704",
  "logging_level": 0,
  "long": {
    "auto_unstuck_ema_dist": 0.011638470156685753,
    "auto_unstuck_wallet_exposure_threshold": 0.8701243121284142,
    "ddown_factor": 0.5342122542293962,
    "ema_span_0": 46.340845782688405,
    "ema_span_1": 86.33994764573328,
    "enabled": true,
    "initial_eprice_ema_dist": -0.0014308520753124284,
    "initial_qty_pct": 0.01318717511949985,
    "markup_range": 0.02445886529829417,
    "min_markup": 0.021506016386239047,
    "n_close_orders": 10,
    "rentry_pprice_dist": 0.014107283428398506,
    "rentry_pprice_dist_wallet_exposure_weighting": 84.22439764451448,
    "wallet_exposure_limit": 0.1
  },
  "short": {
    "auto_unstuck_ema_dist": 0.031233903296167605,
    "auto_unstuck_wallet_exposure_threshold": 0.9694520759476059,
    "ddown_factor": 3.0,
    "ema_span_0": 27.169334348692104,
    "ema_span_1": 667.7919540745598,
    "enabled": true,
    "initial_eprice_ema_dist": -0.022473887410250498,
    "initial_qty_pct": 0.04892839604788098,
    "markup_range": 0.058114984039786856,
    "min_markup": 0.03268913863695221,
    "n_close_orders": 11,
    "rentry_pprice_dist": 0.046414255380319284,
    "rentry_pprice_dist_wallet_exposure_weighting": 63.24192019054327,
    "wallet_exposure_limit": 0.1
  }
}