{
  "config_name": "XRPUSDT long-0.000303917225595593 short-0.000211419367268539",
  "logging_level": 0,
  "long": {
    "auto_unstuck_ema_dist": 0.08739921296915211,
    "auto_unstuck_wallet_exposure_threshold": 0.1777860404495274,
    "ddown_factor": 0.9472578209339054,
    "ema_span_0": 51.74013106553953,
    "ema_span_1": 530.2196034926079,
    "enabled": true,
    "initial_eprice_ema_dist": -0.0006691868839069194,
    "initial_qty_pct": 0.07598906703466528,
    "markup_range": 0.0012419385233779952,
    "min_markup": 0.00537931817546605,
    "n_close_orders": 12,
    "rentry_pprice_dist": 0.011474658536338528,
    "rentry_pprice_dist_wallet_exposure_weighting": 3.012496294533772,
    "wallet_exposure_limit": 0.1
  },
  "short": {
    "auto_unstuck_ema_dist": 0.009388716602396985,
    "auto_unstuck_wallet_exposure_threshold": 0.14895752670211782,
    "ddown_factor": 0.7949363486305357,
    "ema_span_0": 28.778229252963005,
    "ema_span_1": 1428.0637986141503,
    "enabled": true,
    "initial_eprice_ema_dist": -0.04179057747780423,
    "initial_qty_pct": 0.07491618587261938,
    "markup_range": 0.003520913747826758,
    "min_markup": 0.006,
    "n_close_orders": 9,
    "rentry_pprice_dist": 0.007687959992323049,
    "rentry_pprice_dist_wallet_exposure_weighting": 4.120456697937781,
    "wallet_exposure_limit": 0.1
  }
}