{
  "config_name": "XRPUSDT long--0.001338829246321 short-0.00312964344978769",
  "logging_level": 0,
  "long": {
    "auto_unstuck_ema_dist": 0.0008623321244720517,
    "auto_unstuck_wallet_exposure_threshold": 0.4979638740387141,
    "ddown_factor": 1.489600954284696,
    "ema_span_0": 45.66850409898477,
    "ema_span_1": 1425.4568878414343,
    "enabled": false,
    "initial_eprice_ema_dist": -0.000987522163001351,
    "initial_qty_pct": 0.019101795376025354,
    "markup_range": 0.018319577100537755,
    "min_markup": 0.008654737214259916,
    "n_close_orders": 12,
    "rentry_pprice_dist": 0.04900587496410132,
    "rentry_pprice_dist_wallet_exposure_weighting": 50.31605454665912,
    "wallet_exposure_limit": 0.1
  },
  "short": {
    "auto_unstuck_ema_dist": 0.09192645589826386,
    "auto_unstuck_wallet_exposure_threshold": 0.3038710179642088,
    "ddown_factor": 2.375091134786596,
    "ema_span_0": 39.03245581236054,
    "ema_span_1": 247.77960133585984,
    "enabled": true,
    "initial_eprice_ema_dist": -0.06531254998973916,
    "initial_qty_pct": 0.04060456494428425,
    "markup_range": 0.017003698875516483,
    "min_markup": 0.029275529562500156,
    "n_close_orders": 8,
    "rentry_pprice_dist": 0.009097291634197263,
    "rentry_pprice_dist_wallet_exposure_weighting": 0.0,
    "wallet_exposure_limit": 0.1
  }
}