{
  "config_name": "XTZUSDT long-0.000668655067233193 short-0.00010237967108551",
  "logging_level": 0,
  "long": {
    "auto_unstuck_ema_dist": 0.010379410815354671,
    "auto_unstuck_wallet_exposure_threshold": 0.7493035637924153,
    "ddown_factor": 0.28747734711811984,
    "ema_span_0": 19.31408909695936,
    "ema_span_1": 807.6307978454633,
    "enabled": true,
    "initial_eprice_ema_dist": -0.010661936273387932,
    "initial_qty_pct": 0.02129307590948643,
    "markup_range": 0.051143720518234764,
    "min_markup": 0.009502003659205864,
    "n_close_orders": 8,
    "rentry_pprice_dist": 0.020575800339339926,
    "rentry_pprice_dist_wallet_exposure_weighting": 16.417135905220327,
    "wallet_exposure_limit": 0.1
  },
  "short": {
    "auto_unstuck_ema_dist": 0.07788739132604,
    "auto_unstuck_wallet_exposure_threshold": 0.29986817089358175,
    "ddown_factor": 2.239052920152318,
    "ema_span_0": 51.56231345563183,
    "ema_span_1": 1423.339569548872,
    "enabled": true,
    "initial_eprice_ema_dist": -0.02883481393715002,
    "initial_qty_pct": 0.01321938621250323,
    "markup_range": 0.02329545193514638,
    "min_markup": 0.052635288329197845,
    "n_close_orders": 11,
    "rentry_pprice_dist": 0.019273454964992984,
    "rentry_pprice_dist_wallet_exposure_weighting": 31.291212771706405,
    "wallet_exposure_limit": 0.1
  }
}