{
  "config_name": "1000SHIBUSDT long-0.0000192926884986357 short-0.000391165888433231",
  "logging_level": 0,
  "long": {
    "auto_unstuck_ema_dist": 0.0023461940253776017,
    "auto_unstuck_wallet_exposure_threshold": 0.063320905182973,
    "ddown_factor": 0.2979761867384728,
    "ema_span_0": 58.02643824004394,
    "ema_span_1": 203.45371888913334,
    "enabled": true,
    "initial_eprice_ema_dist": 0.007250909622910578,
    "initial_qty_pct": 0.013782271173279768,
    "markup_range": 0.016075360674933887,
    "min_markup": 0.012856898286288485,
    "n_close_orders": 19,
    "rentry_pprice_dist": 0.005,
    "rentry_pprice_dist_wallet_exposure_weighting": 4.5786139380796,
    "wallet_exposure_limit": 0.11955307588424469
  },
  "short": {
    "auto_unstuck_ema_dist": 0.008479122401629735,
    "auto_unstuck_wallet_exposure_threshold": 0.09056628081613977,
    "ddown_factor": 1.5586626130224017,
    "ema_span_0": 13.161416693511825,
    "ema_span_1": 356.4700522666853,
    "enabled": true,
    "initial_eprice_ema_dist": -0.052686570057218364,
    "initial_qty_pct": 0.018989952608987285,
    "markup_range": 0.012958318752940269,
    "min_markup": 0.006450679751905831,
    "n_close_orders": 11,
    "rentry_pprice_dist": 0.011631228110146781,
    "rentry_pprice_dist_wallet_exposure_weighting": 7.229942848520487,
    "wallet_exposure_limit": 0.10827382612685997
  }
}