{
  "config_name": "1000XECUSDT long-0.00513058432386634 short--0.0237263896823536",
  "logging_level": 0,
  "long": {
    "auto_unstuck_ema_dist": -0.0227453781698844,
    "auto_unstuck_wallet_exposure_threshold": 0.006290334556476238,
    "ddown_factor": 2.8914991655754445,
    "ema_span_0": 40.40710946984445,
    "ema_span_1": 169.6506667616832,
    "enabled": true,
    "initial_eprice_ema_dist": 0.005027257049592201,
    "initial_qty_pct": 0.1,
    "markup_range": 0.0998498347507245,
    "min_markup": 0.008532624914900283,
    "n_close_orders": 4,
    "rentry_pprice_dist": 0.007394803696949023,
    "rentry_pprice_dist_wallet_exposure_weighting": 17.225125436060797,
    "wallet_exposure_limit": 0.1924018544804269
  },
  "short": {
    "auto_unstuck_ema_dist": -0.03989145358497817,
    "auto_unstuck_wallet_exposure_threshold": 0.0415404503971614,
    "ddown_factor": 0.6867081625793008,
    "ema_span_0": 32.001064860748194,
    "ema_span_1": 60.0,
    "enabled": false,
    "initial_eprice_ema_dist": -0.011088548718937177,
    "initial_qty_pct": 0.1,
    "markup_range": 0.04374038173181506,
    "min_markup": 0.002363404810241421,
    "n_close_orders": 1,
    "rentry_pprice_dist": 0.005,
    "rentry_pprice_dist_wallet_exposure_weighting": 0.0,
    "wallet_exposure_limit": 0.15455398840692036
  }
}