{
  "config_name": "1000SHIBUSDT long-0.00140855446290072 short-0.00113107163375153",
  "logging_level": 0,
  "long": {
    "auto_unstuck_ema_dist": 0.07688794654352342,
    "auto_unstuck_wallet_exposure_threshold": 0.03230223959940782,
    "ddown_factor": 1.898007732208076,
    "ema_span_0": 34.87103335412165,
    "ema_span_1": 174.92523254706248,
    "enabled": true,
    "initial_eprice_ema_dist": 0.002016756992568268,
    "initial_qty_pct": 0.1,
    "markup_range": 0.05634769448931274,
    "min_markup": 0.0019285301954601287,
    "n_close_orders": 2,
    "rentry_pprice_dist": 0.005,
    "rentry_pprice_dist_wallet_exposure_weighting": 8.611119644938675,
    "wallet_exposure_limit": 0.15588329235775716
  },
  "short": {
    "auto_unstuck_ema_dist": -0.09670956882047961,
    "auto_unstuck_wallet_exposure_threshold": 0.047156175811409545,
    "ddown_factor": 1.6211835423198087,
    "ema_span_0": 39.69759138133172,
    "ema_span_1": 440.49095507771193,
    "enabled": true,
    "initial_eprice_ema_dist": -0.002953817424358333,
    "initial_qty_pct": 0.1,
    "markup_range": 0.08032716708518181,
    "min_markup": 0.006502072673219421,
    "n_close_orders": 1,
    "rentry_pprice_dist": 0.005,
    "rentry_pprice_dist_wallet_exposure_weighting": 1.1979689463159757,
    "wallet_exposure_limit": 0.1599919746061581
  }
}