{
  "config_name": "1000SHIBUSDT long-0.00101057235233252 short-0.00221819302182639",
  "logging_level": 0,
  "long": {
    "auto_unstuck_ema_dist": 0.03651029328151329,
    "auto_unstuck_wallet_exposure_threshold": 0.0,
    "ddown_factor": 0.4501036734075361,
    "ema_span_0": 57.771759053747964,
    "ema_span_1": 150.012803318491,
    "enabled": true,
    "initial_eprice_ema_dist": -0.0033839209653434388,
    "initial_qty_pct": 0.01670127383252203,
    "markup_range": 0.021384848660445717,
    "min_markup": 0.007175515965462863,
    "n_close_orders": 8,
    "rentry_pprice_dist": 0.006293677946283317,
    "rentry_pprice_dist_wallet_exposure_weighting": 0.0,
    "wallet_exposure_limit": 0.1
  },
  "short": {
    "auto_unstuck_ema_dist": 0.025130420643283784,
    "auto_unstuck_wallet_exposure_threshold": 0.6664825340140608,
    "ddown_factor": 1.9688910837326243,
    "ema_span_0": 39.704517645513405,
    "ema_span_1": 732.8014846305246,
    "enabled": true,
    "initial_eprice_ema_dist": -0.0077863975975896406,
    "initial_qty_pct": 0.047554587447314695,
    "markup_range": 0.01798800549800789,
    "min_markup": 0.02182534288015197,
    "n_close_orders": 13,
    "rentry_pprice_dist": 0.023491459053218172,
    "rentry_pprice_dist_wallet_exposure_weighting": 66.9583326004692,
    "wallet_exposure_limit": 0.1
  }
}