{
  "config_name": "AAVEUSDT long-0.0019648855301738 short--0.00226675949100666",
  "logging_level": 0,
  "long": {
    "auto_unstuck_ema_dist": 0.0,
    "auto_unstuck_wallet_exposure_threshold": 0.06231928451413412,
    "ddown_factor": 2.8835666636908335,
    "ema_span_0": 37.506283645628976,
    "ema_span_1": 174.25707129852853,
    "enabled": true,
    "initial_eprice_ema_dist": 0.008647596736980354,
    "initial_qty_pct": 0.1,
    "markup_range": 0.0021934787385869,
    "min_markup": 0.004942233542969563,
    "n_close_orders": 2,
    "rentry_pprice_dist": 0.039626625840934716,
    "rentry_pprice_dist_wallet_exposure_weighting": 80.09007477267794,
    "wallet_exposure_limit": 0.1
  },
  "short": {
    "auto_unstuck_ema_dist": 0.0,
    "auto_unstuck_wallet_exposure_threshold": 0.03568024094137036,
    "ddown_factor": 2.2850714190078114,
    "ema_span_0": 23.325163114673416,
    "ema_span_1": 195.31055539783833,
    "enabled": true,
    "initial_eprice_ema_dist": 0.0009889443467320375,
    "initial_qty_pct": 0.1,
    "markup_range": 0.023245041821451512,
    "min_markup": 0.02584231538144708,
    "n_close_orders": 2,
    "rentry_pprice_dist": 0.02157650158036966,
    "rentry_pprice_dist_wallet_exposure_weighting": 57.73754085507677,
    "wallet_exposure_limit": 0.1
  }
}