{
  "config_name": "ADAUSDT long--0.00065569810476819 short-0.000136766104880726",
  "logging_level": 0,
  "long": {
    "auto_unstuck_ema_dist": -0.0002762208372104691,
    "auto_unstuck_wallet_exposure_threshold": 0.0017394807217348172,
    "ddown_factor": 0.46192599718471805,
    "ema_span_0": 43.71829001164759,
    "ema_span_1": 324.7575726148369,
    "enabled": false,
    "initial_eprice_ema_dist": 0.0051755847557537794,
    "initial_qty_pct": 0.1,
    "markup_range": 0.058492400768503996,
    "min_markup": 0.014446374974954043,
    "n_close_orders": 1,
    "rentry_pprice_dist": 0.005,
    "rentry_pprice_dist_wallet_exposure_weighting": 0.770161372929018,
    "wallet_exposure_limit": 0.1194752781450576
  },
  "short": {
    "auto_unstuck_ema_dist": 0.013123285100195156,
    "auto_unstuck_wallet_exposure_threshold": 0.030748735153781348,
    "ddown_factor": 1.7209056602404438,
    "ema_span_0": 56.38767140045996,
    "ema_span_1": 410.7301912075953,
    "enabled": true,
    "initial_eprice_ema_dist": -0.0032127232380635513,
    "initial_qty_pct": 0.1,
    "markup_range": 0.04223752760054433,
    "min_markup": 0.008639370926181951,
    "n_close_orders": 1,
    "rentry_pprice_dist": 0.005,
    "rentry_pprice_dist_wallet_exposure_weighting": 5.123429700012901,
    "wallet_exposure_limit": 0.17013370991766558
  }
}