{
  "config_name": "ADAUSDT long-0.000655680024310104 short--0.0000791778870294912",
  "logging_level": 0,
  "long": {
    "auto_unstuck_ema_dist": 0.0,
    "auto_unstuck_wallet_exposure_threshold": 0.2457442669995824,
    "ddown_factor": 1.4974740450451482,
    "ema_span_0": 36.840856728124976,
    "ema_span_1": 308.75809472033893,
    "enabled": true,
    "initial_eprice_ema_dist": -0.005932195312212965,
    "initial_qty_pct": 0.16339593164092163,
    "markup_range": 0.00807162503674115,
    "min_markup": 0.009265059182056161,
    "n_close_orders": 2,
    "rentry_pprice_dist": 0.005,
    "rentry_pprice_dist_wallet_exposure_weighting": 1.2187236276868174,
    "wallet_exposure_limit": 0.1
  },
  "short": {
    "auto_unstuck_ema_dist": 0.0,
    "auto_unstuck_wallet_exposure_threshold": 0.1249569676424496,
    "ddown_factor": 2.1993874071554202,
    "ema_span_0": 56.7587041243102,
    "ema_span_1": 450.0623010899175,
    "enabled": true,
    "initial_eprice_ema_dist": -0.00015676622813794562,
    "initial_qty_pct": 0.15641991376008557,
    "markup_range": 0.018107859060518195,
    "min_markup": 0.0035531288119225995,
    "n_close_orders": 2,
    "rentry_pprice_dist": 0.005,
    "rentry_pprice_dist_wallet_exposure_weighting": 6.663805576009268,
    "wallet_exposure_limit": 0.1
  }
}