{
  "config_name": "ALGOUSDT long-0.000263799059558009 short-0.000202259013063592",
  "logging_level": 0,
  "long": {
    "auto_unstuck_ema_dist": 0.025694423789507887,
    "auto_unstuck_wallet_exposure_threshold": 0.004926765585754517,
    "ddown_factor": 0.5350168449072141,
    "ema_span_0": 39.911871273766266,
    "ema_span_1": 96.72272122489588,
    "enabled": true,
    "initial_eprice_ema_dist": 0.02050190066677274,
    "initial_qty_pct": 0.1,
    "markup_range": 0.07421525186297709,
    "min_markup": 0.010510365662289526,
    "n_close_orders": 7,
    "rentry_pprice_dist": 0.2397281810804212,
    "rentry_pprice_dist_wallet_exposure_weighting": 60.71000170657398,
    "wallet_exposure_limit": 0.12200906839451518
  },
  "short": {
    "auto_unstuck_ema_dist": -0.02895555077509515,
    "auto_unstuck_wallet_exposure_threshold": 0.012037701086585473,
    "ddown_factor": 1.1557225352493878,
    "ema_span_0": 45.94487216456737,
    "ema_span_1": 596.4411827634473,
    "enabled": true,
    "initial_eprice_ema_dist": -0.03460102776349773,
    "initial_qty_pct": 0.1,
    "markup_range": 0.020761154547586008,
    "min_markup": 0.0038215663920358077,
    "n_close_orders": 1,
    "rentry_pprice_dist": 0.010232371991228539,
    "rentry_pprice_dist_wallet_exposure_weighting": 0.0,
    "wallet_exposure_limit": 0.15851873989621063
  }
}