{
  "config_name": "ALICEUSDT long-0.000279399104627682 short--0.00100516066061895",
  "logging_level": 0,
  "long": {
    "auto_unstuck_ema_dist": -0.01204565937103657,
    "auto_unstuck_wallet_exposure_threshold": 0.048933877259813914,
    "ddown_factor": 1.9163447626004553,
    "ema_span_0": 41.438850284114594,
    "ema_span_1": 271.66132528407474,
    "enabled": true,
    "initial_eprice_ema_dist": 0.013945593377116648,
    "initial_qty_pct": 0.1,
    "markup_range": 0.07787445295784312,
    "min_markup": 0.007865538840769012,
    "n_close_orders": 2,
    "rentry_pprice_dist": 0.014557580037195044,
    "rentry_pprice_dist_wallet_exposure_weighting": 2.3499860063385913,
    "wallet_exposure_limit": 0.10948821905927941
  },
  "short": {
    "auto_unstuck_ema_dist": -0.02480446282030163,
    "auto_unstuck_wallet_exposure_threshold": 0.026745453491965113,
    "ddown_factor": 2.6788713706313194,
    "ema_span_0": 35.605479519486195,
    "ema_span_1": 628.6908338966879,
    "enabled": false,
    "initial_eprice_ema_dist": 0.0066991404135466484,
    "initial_qty_pct": 0.1,
    "markup_range": 0.06951217462340896,
    "min_markup": 0.0019384628266795128,
    "n_close_orders": 2,
    "rentry_pprice_dist": 0.02365305056558556,
    "rentry_pprice_dist_wallet_exposure_weighting": 2.354709500770547,
    "wallet_exposure_limit": 0.13173899446083248
  }
}