{
  "config_name": "ARUSDT long-0.000716177694456298 short--0.00685748843451192",
  "logging_level": 0,
  "long": {
    "auto_unstuck_ema_dist": 0.02303329637038018,
    "auto_unstuck_wallet_exposure_threshold": 0.4193378694751649,
    "ddown_factor": 1.3076972263975442,
    "ema_span_0": 52.181639872511994,
    "ema_span_1": 498.18770084194585,
    "enabled": true,
    "initial_eprice_ema_dist": -0.011624823611302603,
    "initial_qty_pct": 0.14299404394427843,
    "markup_range": 0.001492316281444097,
    "min_markup": 0.006145172117169952,
    "n_close_orders": 2,
    "rentry_pprice_dist": 0.1625575296982074,
    "rentry_pprice_dist_wallet_exposure_weighting": 58.31370200965559,
    "wallet_exposure_limit": 0.11161121023089
  },
  "short": {
    "auto_unstuck_ema_dist": 0.0005919211298818167,
    "auto_unstuck_wallet_exposure_threshold": 0.33049675949421514,
    "ddown_factor": 2.4205859080788055,
    "ema_span_0": 5.917552385980317,
    "ema_span_1": 60.0,
    "enabled": true,
    "initial_eprice_ema_dist": -0.0008436613010173298,
    "initial_qty_pct": 0.18405001979020987,
    "markup_range": 0.038472498775598094,
    "min_markup": 0.028063296936390463,
    "n_close_orders": 2,
    "rentry_pprice_dist": 0.4450000836494069,
    "rentry_pprice_dist_wallet_exposure_weighting": 44.88441240507964,
    "wallet_exposure_limit": 0.10757459752208524
  }
}