{
  "config_name": "ATAUSDT long-0.00231758856844842 short--0.0153461234427842",
  "logging_level": 0,
  "long": {
    "auto_unstuck_ema_dist": -0.01363138545077585,
    "auto_unstuck_wallet_exposure_threshold": 0.01138815235485323,
    "ddown_factor": 0.5516758575291214,
    "ema_span_0": 50.1552728376319,
    "ema_span_1": 60.0,
    "enabled": true,
    "initial_eprice_ema_dist": 0.009775967209888237,
    "initial_qty_pct": 0.01,
    "markup_range": 0.07770488169301931,
    "min_markup": 0.007996075506403544,
    "n_close_orders": 3,
    "rentry_pprice_dist": 0.006556349858285154,
    "rentry_pprice_dist_wallet_exposure_weighting": 11.824201544132595,
    "wallet_exposure_limit": 0.17457878477993524
  },
  "short": {
    "auto_unstuck_ema_dist": -0.034450657543780044,
    "auto_unstuck_wallet_exposure_threshold": 0.020027806876578007,
    "ddown_factor": 0.5308967826127381,
    "ema_span_0": 41.44329645864647,
    "ema_span_1": 98.52713368913022,
    "enabled": false,
    "initial_eprice_ema_dist": -0.06805949966975303,
    "initial_qty_pct": 0.01779168938525878,
    "markup_range": 0.014572620183482704,
    "min_markup": 0.001392292564667822,
    "n_close_orders": 14,
    "rentry_pprice_dist": 0.005,
    "rentry_pprice_dist_wallet_exposure_weighting": 0.0,
    "wallet_exposure_limit": 0.13219367677337346
  }
}