{
  "config_name": "ATOMUSDT long-0.0000348072672874093 short--0.000000872340868031633",
  "logging_level": 0,
  "long": {
    "auto_unstuck_ema_dist": 0.003445605839000945,
    "auto_unstuck_wallet_exposure_threshold": 0.017203778120844903,
    "ddown_factor": 2.7971694979918875,
    "ema_span_0": 16.87430834255179,
    "ema_span_1": 357.6056896974173,
    "enabled": true,
    "initial_eprice_ema_dist": -0.06755047442031974,
    "initial_qty_pct": 0.019541568561279598,
    "markup_range": 0.029395684612168703,
    "min_markup": 0.029048191411397153,
    "n_close_orders": 17,
    "rentry_pprice_dist": 0.005,
    "rentry_pprice_dist_wallet_exposure_weighting": 1.7220027086866352,
    "wallet_exposure_limit": 0.17960849353379751
  },
  "short": {
    "auto_unstuck_ema_dist": 0.009753274600406068,
    "auto_unstuck_wallet_exposure_threshold": 0.05707040095543652,
    "ddown_factor": 1.5683655293264336,
    "ema_span_0": 47.065777076599375,
    "ema_span_1": 826.8433401110065,
    "enabled": false,
    "initial_eprice_ema_dist": 0.009000932063632531,
    "initial_qty_pct": 0.013976775424095114,
    "markup_range": 0.016633634531906177,
    "min_markup": 0.0019198275872030644,
    "n_close_orders": 11,
    "rentry_pprice_dist": 0.02568244743158969,
    "rentry_pprice_dist_wallet_exposure_weighting": 12.624336695875002,
    "wallet_exposure_limit": 0.19999209024082956
  }
}