{
  "config_name": "ATOMUSDT long-0.00165689108172505 short-0.000217677315261719",
  "logging_level": 0,
  "long": {
    "auto_unstuck_ema_dist": -0.021906239342305792,
    "auto_unstuck_wallet_exposure_threshold": 0.012292124015565615,
    "ddown_factor": 0.06712407051854645,
    "ema_span_0": 54.75354354661046,
    "ema_span_1": 194.50607548828054,
    "enabled": true,
    "initial_eprice_ema_dist": 0.009684803695798997,
    "initial_qty_pct": 0.1,
    "markup_range": 0.01797859319481099,
    "min_markup": 0.003371439430552854,
    "n_close_orders": 1,
    "rentry_pprice_dist": 0.005,
    "rentry_pprice_dist_wallet_exposure_weighting": 0.7678801028383759,
    "wallet_exposure_limit": 0.1858326505322113
  },
  "short": {
    "auto_unstuck_ema_dist": -0.03340475009525326,
    "auto_unstuck_wallet_exposure_threshold": 0.0026790446332327048,
    "ddown_factor": 1.4207545448388204,
    "ema_span_0": 42.99025227918002,
    "ema_span_1": 151.16848430629713,
    "enabled": true,
    "initial_eprice_ema_dist": -0.004355012905544109,
    "initial_qty_pct": 0.1,
    "markup_range": 0.04863384207416259,
    "min_markup": 0.0010667366961316111,
    "n_close_orders": 1,
    "rentry_pprice_dist": 0.005,
    "rentry_pprice_dist_wallet_exposure_weighting": 1.673167191497332,
    "wallet_exposure_limit": 0.1820801613525229
  }
}