{
  "config_name": "AVAXUSDT long-0.0057526582705576 short--0.0414066928476106",
  "logging_level": 0,
  "long": {
    "auto_unstuck_ema_dist": 0.0,
    "auto_unstuck_wallet_exposure_threshold": 0.0,
    "ddown_factor": 0.9354533918098407,
    "ema_span_0": 24.514247029679716,
    "ema_span_1": 1283.457860815186,
    "enabled": true,
    "initial_eprice_ema_dist": -0.025382301161768626,
    "initial_qty_pct": 0.1503151943127384,
    "markup_range": 0.0032394177319789354,
    "min_markup": 0.013235929997175057,
    "n_close_orders": 2,
    "rentry_pprice_dist": 0.01870296276379467,
    "rentry_pprice_dist_wallet_exposure_weighting": 5.725146744781562,
    "wallet_exposure_limit": 0.1
  },
  "short": {
    "auto_unstuck_ema_dist": 0.0,
    "auto_unstuck_wallet_exposure_threshold": 0.0996623853513842,
    "ddown_factor": 2.5807438119965314,
    "ema_span_0": 15.283598575921076,
    "ema_span_1": 128.14899036975714,
    "enabled": true,
    "initial_eprice_ema_dist": 0.0,
    "initial_qty_pct": 0.16131186958859324,
    "markup_range": 0.010012287773036685,
    "min_markup": 0.009652430067509453,
    "n_close_orders": 2,
    "rentry_pprice_dist": 0.006021544061886987,
    "rentry_pprice_dist_wallet_exposure_weighting": 61.88806111502064,
    "wallet_exposure_limit": 0.1
  }
}