{
  "config_name": "AVAXUSDT long-0.012355948774237 short--0.400539419824448",
  "logging_level": 0,
  "long": {
    "auto_unstuck_ema_dist": -0.013260898564312056,
    "auto_unstuck_wallet_exposure_threshold": 0.02234834704887818,
    "ddown_factor": 1.9643663253446755,
    "ema_span_0": 53.537338227360664,
    "ema_span_1": 433.7452355301483,
    "enabled": true,
    "initial_eprice_ema_dist": 0.01443459633096119,
    "initial_qty_pct": 0.1,
    "markup_range": 0.0691653266081944,
    "min_markup": 0.02484955275258723,
    "n_close_orders": 1,
    "rentry_pprice_dist": 0.23234855338903154,
    "rentry_pprice_dist_wallet_exposure_weighting": 19.790765797970874,
    "wallet_exposure_limit": 0.1713479994327774
  },
  "short": {
    "auto_unstuck_ema_dist": 0.0009902254658136905,
    "auto_unstuck_wallet_exposure_threshold": 0.019194242234310446,
    "ddown_factor": 0.1994953406580927,
    "ema_span_0": 47.25299196775561,
    "ema_span_1": 60.0,
    "enabled": false,
    "initial_eprice_ema_dist": -0.00037548014427223097,
    "initial_qty_pct": 0.1,
    "markup_range": 0.03789858658789312,
    "min_markup": 0.023840991548318403,
    "n_close_orders": 1,
    "rentry_pprice_dist": 0.1276090826045304,
    "rentry_pprice_dist_wallet_exposure_weighting": 83.81783677030295,
    "wallet_exposure_limit": 0.10724219222289799
  }
}