{
  "config_name": "AXSUSDT long-0.00793903043998817 short-0.0189454441199905",
  "logging_level": 0,
  "long": {
    "auto_unstuck_ema_dist": 0.07982429212477696,
    "auto_unstuck_wallet_exposure_threshold": 0.028203950152680547,
    "ddown_factor": 1.466229477467254,
    "ema_span_0": 47.5964478928428,
    "ema_span_1": 374.71152626841064,
    "enabled": true,
    "initial_eprice_ema_dist": 0.020656193663853586,
    "initial_qty_pct": 0.1,
    "markup_range": 0.07071730917551268,
    "min_markup": 0.0062404656213141795,
    "n_close_orders": 1,
    "rentry_pprice_dist": 0.4194636956813731,
    "rentry_pprice_dist_wallet_exposure_weighting": 8.892636315174212,
    "wallet_exposure_limit": 0.1464907544926096
  },
  "short": {
    "auto_unstuck_ema_dist": 0.0017207127340049116,
    "auto_unstuck_wallet_exposure_threshold": 0.03410651362181521,
    "ddown_factor": 1.7692927094748074,
    "ema_span_0": 42.681718543921086,
    "ema_span_1": 250.42635771244488,
    "enabled": true,
    "initial_eprice_ema_dist": 0.0013823209048457186,
    "initial_qty_pct": 0.1,
    "markup_range": 0.011424095583565132,
    "min_markup": 0.0038535879973307283,
    "n_close_orders": 2,
    "rentry_pprice_dist": 0.15478965641966513,
    "rentry_pprice_dist_wallet_exposure_weighting": 34.87563340206889,
    "wallet_exposure_limit": 0.12673901141750216
  }
}