{
  "config_name": "BANDUSDT long-0.000143533868278076 short--0.00259884039083021",
  "logging_level": 0,
  "long": {
    "auto_unstuck_ema_dist": -0.01524572737532624,
    "auto_unstuck_wallet_exposure_threshold": 0.028208757448354972,
    "ddown_factor": 1.4295641509813644,
    "ema_span_0": 10.03833103955036,
    "ema_span_1": 277.20438630849793,
    "enabled": true,
    "initial_eprice_ema_dist": 0.00394733597155423,
    "initial_qty_pct": 0.01662248748319857,
    "markup_range": 0.08048678216851457,
    "min_markup": 0.023294095576105605,
    "n_close_orders": 3,
    "rentry_pprice_dist": 0.005,
    "rentry_pprice_dist_wallet_exposure_weighting": 12.66987840652545,
    "wallet_exposure_limit": 0.18916120185349689
  },
  "short": {
    "auto_unstuck_ema_dist": -0.09803349840412523,
    "auto_unstuck_wallet_exposure_threshold": 0.034117039360714516,
    "ddown_factor": 1.800094556460227,
    "ema_span_0": 44.63125966328983,
    "ema_span_1": 100.68553267837002,
    "enabled": false,
    "initial_eprice_ema_dist": -0.019370058529409786,
    "initial_qty_pct": 0.01959981261756588,
    "markup_range": 0.008777555910125754,
    "min_markup": 0.0017839762576107167,
    "n_close_orders": 1,
    "rentry_pprice_dist": 0.005,
    "rentry_pprice_dist_wallet_exposure_weighting": 0.0,
    "wallet_exposure_limit": 0.1686128369970001
  }
}