{
  "config_name": "BELUSDT long-0.00122047444944087 short--0.0153330413860747",
  "logging_level": 0,
  "long": {
    "auto_unstuck_ema_dist": 0.04110052727553409,
    "auto_unstuck_wallet_exposure_threshold": 0.022406352462534,
    "ddown_factor": 0.6435240649969732,
    "ema_span_0": 55.53753520089235,
    "ema_span_1": 302.899392221559,
    "enabled": true,
    "initial_eprice_ema_dist": -0.04091243310622654,
    "initial_qty_pct": 0.01847059754973047,
    "markup_range": 0.06232509275183595,
    "min_markup": 0.013296550836075885,
    "n_close_orders": 8,
    "rentry_pprice_dist": 0.005,
    "rentry_pprice_dist_wallet_exposure_weighting": 5.779318899161757,
    "wallet_exposure_limit": 0.16863990831259687
  },
  "short": {
    "auto_unstuck_ema_dist": -0.019953298443551853,
    "auto_unstuck_wallet_exposure_threshold": 0.026006218730597046,
    "ddown_factor": 1.0796394259836661,
    "ema_span_0": 50.97160881602039,
    "ema_span_1": 126.04986474956033,
    "enabled": false,
    "initial_eprice_ema_dist": -0.022198372887894967,
    "initial_qty_pct": 0.017558858342135397,
    "markup_range": 0.02238271204630142,
    "min_markup": 0.001,
    "n_close_orders": 13,
    "rentry_pprice_dist": 0.005,
    "rentry_pprice_dist_wallet_exposure_weighting": 0.49601300290110567,
    "wallet_exposure_limit": 0.16636414706032726
  }
}