{
  "config_name": "BNBUSDT long-0.000499785878928807 short-0.000637034168572872",
  "logging_level": 0,
  "long": {
    "auto_unstuck_ema_dist": 0.02582120776918022,
    "auto_unstuck_wallet_exposure_threshold": 0.023799686337549357,
    "ddown_factor": 1.3061281123780106,
    "ema_span_0": 27.984561027591628,
    "ema_span_1": 219.32451039203758,
    "enabled": true,
    "initial_eprice_ema_dist": 0.005252515471991556,
    "initial_qty_pct": 0.1,
    "markup_range": 0.09118411701526473,
    "min_markup": 0.0015268423045999798,
    "n_close_orders": 1,
    "rentry_pprice_dist": 0.016472184217740465,
    "rentry_pprice_dist_wallet_exposure_weighting": 19.822676408826474,
    "wallet_exposure_limit": 0.19535093225647457
  },
  "short": {
    "auto_unstuck_ema_dist": -0.0802559782832339,
    "auto_unstuck_wallet_exposure_threshold": 0.024138739243725976,
    "ddown_factor": 0.6252646186503162,
    "ema_span_0": 52.665198362392154,
    "ema_span_1": 941.845843297731,
    "enabled": true,
    "initial_eprice_ema_dist": 0.0036057417294510057,
    "initial_qty_pct": 0.1,
    "markup_range": 0.07666523060071641,
    "min_markup": 0.0020843870854764584,
    "n_close_orders": 2,
    "rentry_pprice_dist": 0.26547655360291866,
    "rentry_pprice_dist_wallet_exposure_weighting": 60.47443639413546,
    "wallet_exposure_limit": 0.1798105683259798
  }
}