{
  "config_name": "BTCDOMUSDT long-0.0000724573098410952 short-0.0000495088456507198",
  "logging_level": 0,
  "long": {
    "auto_unstuck_ema_dist": 0.041380843126436695,
    "auto_unstuck_wallet_exposure_threshold": 0.02355390168387434,
    "ddown_factor": 2.986580439791223,
    "ema_span_0": 53.0326346381509,
    "ema_span_1": 1437.773203550209,
    "enabled": true,
    "initial_eprice_ema_dist": 0.002768099028186068,
    "initial_qty_pct": 0.1,
    "markup_range": 0.07395207984891006,
    "min_markup": 0.004066781908132129,
    "n_close_orders": 2,
    "rentry_pprice_dist": 0.32993228878769,
    "rentry_pprice_dist_wallet_exposure_weighting": 62.14257151407549,
    "wallet_exposure_limit": 0.12093838129381634
  },
  "short": {
    "auto_unstuck_ema_dist": 0.01696835501045823,
    "auto_unstuck_wallet_exposure_threshold": 0.04888825783819501,
    "ddown_factor": 1.5227925154197153,
    "ema_span_0": 52.16804649657027,
    "ema_span_1": 1099.7675773865035,
    "enabled": true,
    "initial_eprice_ema_dist": 0.003669277450630991,
    "initial_qty_pct": 0.1,
    "markup_range": 0.003156231224439983,
    "min_markup": 0.001,
    "n_close_orders": 2,
    "rentry_pprice_dist": 0.26837880307415546,
    "rentry_pprice_dist_wallet_exposure_weighting": 13.871400389014497,
    "wallet_exposure_limit": 0.13294300337162837
  }
}