{
  "config_name": "BTCUSDT long-0.00255435785867911 short-0.00116128950815896",
  "logging_level": 0,
  "long": {
    "auto_unstuck_ema_dist": -0.002924953515386833,
    "auto_unstuck_wallet_exposure_threshold": 0.020174477584532897,
    "ddown_factor": 0.13988587488093454,
    "ema_span_0": 34.21392308705614,
    "ema_span_1": 1177.4869965592566,
    "enabled": true,
    "initial_eprice_ema_dist": 0.00954988372804437,
    "initial_qty_pct": 0.1,
    "markup_range": 0.05661609754103733,
    "min_markup": 0.029118523155880822,
    "n_close_orders": 2,
    "rentry_pprice_dist": 0.11839874367873976,
    "rentry_pprice_dist_wallet_exposure_weighting": 43.59032216547201,
    "wallet_exposure_limit": 0.14588469207048696
  },
  "short": {
    "auto_unstuck_ema_dist": -0.07343408722033379,
    "auto_unstuck_wallet_exposure_threshold": 0.0439587949840926,
    "ddown_factor": 0.0739928408250613,
    "ema_span_0": 24.776841096433472,
    "ema_span_1": 101.2027282936466,
    "enabled": true,
    "initial_eprice_ema_dist": -0.02415707316870501,
    "initial_qty_pct": 0.1,
    "markup_range": 0.010871367183332516,
    "min_markup": 0.06176016254715751,
    "n_close_orders": 1,
    "rentry_pprice_dist": 0.14120975964203508,
    "rentry_pprice_dist_wallet_exposure_weighting": 66.8041534358675,
    "wallet_exposure_limit": 0.1021862209137561
  }
}