{
  "config_name": "BTSUSDT long-0.00435455765246204 short--0.0207528002158941",
  "logging_level": 0,
  "long": {
    "auto_unstuck_ema_dist": 0.0959884897813196,
    "auto_unstuck_wallet_exposure_threshold": 0.04963639256142869,
    "ddown_factor": 0.12417979085871834,
    "ema_span_0": 43.62515471874878,
    "ema_span_1": 172.54574440665758,
    "enabled": true,
    "initial_eprice_ema_dist": 0.021980373388104407,
    "initial_qty_pct": 0.1,
    "markup_range": 0.04093529413779519,
    "min_markup": 0.03227025387245075,
    "n_close_orders": 1,
    "rentry_pprice_dist": 0.005,
    "rentry_pprice_dist_wallet_exposure_weighting": 4.761447383280767,
    "wallet_exposure_limit": 0.15997997917689502
  },
  "short": {
    "auto_unstuck_ema_dist": -0.0034752986750364832,
    "auto_unstuck_wallet_exposure_threshold": 0.021304488867670654,
    "ddown_factor": 2.145629859273808,
    "ema_span_0": 52.83440375777823,
    "ema_span_1": 148.0171787908817,
    "enabled": false,
    "initial_eprice_ema_dist": -0.029526039095865153,
    "initial_qty_pct": 0.1,
    "markup_range": 0.06978016390844705,
    "min_markup": 0.0036942720508359034,
    "n_close_orders": 1,
    "rentry_pprice_dist": 0.005,
    "rentry_pprice_dist_wallet_exposure_weighting": 0.0,
    "wallet_exposure_limit": 0.1494852922778513
  }
}