{
  "config_name": "CELOUSDT long-0.00090466807122043 short--0.0245925452170059",
  "logging_level": 0,
  "long": {
    "auto_unstuck_ema_dist": 0.016971802510724544,
    "auto_unstuck_wallet_exposure_threshold": 0.018818975359530043,
    "ddown_factor": 1.3297119827008388,
    "ema_span_0": 33.14185819939778,
    "ema_span_1": 1019.6487038525953,
    "enabled": true,
    "initial_eprice_ema_dist": -0.015933750240077784,
    "initial_qty_pct": 0.1,
    "markup_range": 0.09297259790132319,
    "min_markup": 0.028082528779823455,
    "n_close_orders": 9,
    "rentry_pprice_dist": 0.1474373977191499,
    "rentry_pprice_dist_wallet_exposure_weighting": 0.0,
    "wallet_exposure_limit": 0.10367147943545926
  },
  "short": {
    "auto_unstuck_ema_dist": -0.05051301575163262,
    "auto_unstuck_wallet_exposure_threshold": 0.03255588294285406,
    "ddown_factor": 0.6459724179903017,
    "ema_span_0": 33.836456701344446,
    "ema_span_1": 66.31681441276899,
    "enabled": false,
    "initial_eprice_ema_dist": -0.008141249207722882,
    "initial_qty_pct": 0.1,
    "markup_range": 0.019517729209608134,
    "min_markup": 0.002342081668547688,
    "n_close_orders": 7,
    "rentry_pprice_dist": 0.005,
    "rentry_pprice_dist_wallet_exposure_weighting": 0.0,
    "wallet_exposure_limit": 0.19031812504500953
  }
}