{
  "config_name": "CHRUSDT long-0.000715283917098253 short--0.0000314682308476108",
  "logging_level": 0,
  "long": {
    "auto_unstuck_ema_dist": -0.0011823227619566223,
    "auto_unstuck_wallet_exposure_threshold": 0.035848151729329286,
    "ddown_factor": 2.5478021586981954,
    "ema_span_0": 20.662944157300736,
    "ema_span_1": 1344.2309252531506,
    "enabled": true,
    "initial_eprice_ema_dist": 0.006357571815771249,
    "initial_qty_pct": 0.1,
    "markup_range": 0.04484877905129533,
    "min_markup": 0.07519401954410615,
    "n_close_orders": 2,
    "rentry_pprice_dist": 0.005,
    "rentry_pprice_dist_wallet_exposure_weighting": 4.573711293627837,
    "wallet_exposure_limit": 0.16133049978429503
  },
  "short": {
    "auto_unstuck_ema_dist": -0.040912148927967906,
    "auto_unstuck_wallet_exposure_threshold": 0.01437094055512474,
    "ddown_factor": 0.8529334594027697,
    "ema_span_0": 50.29251027991998,
    "ema_span_1": 543.1993313501207,
    "enabled": false,
    "initial_eprice_ema_dist": -0.03366370122563269,
    "initial_qty_pct": 0.1,
    "markup_range": 0.06877106191241214,
    "min_markup": 0.01531466641772014,
    "n_close_orders": 1,
    "rentry_pprice_dist": 0.009178561876111466,
    "rentry_pprice_dist_wallet_exposure_weighting": 0.3256627137318524,
    "wallet_exposure_limit": 0.16658725866245683
  }
}