{
  "config_name": "COMPUSDT long-0.00126147714195017 short--0.00622007307054968",
  "logging_level": 0,
  "long": {
    "auto_unstuck_ema_dist": 0.0868236488925467,
    "auto_unstuck_wallet_exposure_threshold": 0.030664305979788323,
    "ddown_factor": 2.3564698659260164,
    "ema_span_0": 10.303697661459843,
    "ema_span_1": 74.00964910232695,
    "enabled": true,
    "initial_eprice_ema_dist": 0.007800864113946531,
    "initial_qty_pct": 0.013143700970996538,
    "markup_range": 0.008009768341162267,
    "min_markup": 0.00442264345918999,
    "n_close_orders": 10,
    "rentry_pprice_dist": 0.005,
    "rentry_pprice_dist_wallet_exposure_weighting": 18.669360829979375,
    "wallet_exposure_limit": 0.17809998049217046
  },
  "short": {
    "auto_unstuck_ema_dist": -0.013509362512585249,
    "auto_unstuck_wallet_exposure_threshold": 0.022341386637253532,
    "ddown_factor": 2.631573415073366,
    "ema_span_0": 34.076137755693395,
    "ema_span_1": 60.0,
    "enabled": false,
    "initial_eprice_ema_dist": -0.020646875133565654,
    "initial_qty_pct": 0.02,
    "markup_range": 0.005229617866092984,
    "min_markup": 0.0016763804996823652,
    "n_close_orders": 3,
    "rentry_pprice_dist": 0.005,
    "rentry_pprice_dist_wallet_exposure_weighting": 0.0,
    "wallet_exposure_limit": 0.1924696151021816
  }
}