{
  "config_name": "COTIUSDT long-0.00502979979663284 short--0.00468615362082148",
  "logging_level": 0,
  "long": {
    "auto_unstuck_ema_dist": 0.2553815988951528,
    "auto_unstuck_wallet_exposure_threshold": 0.06931565479724823,
    "ddown_factor": 0.8319747338531354,
    "ema_span_0": 31.3328992621792,
    "ema_span_1": 182.07522660250112,
    "enabled": true,
    "initial_eprice_ema_dist": 0.007328609765364013,
    "initial_qty_pct": 0.14448057201835982,
    "markup_range": 0.00701361386049607,
    "min_markup": 0.019672405859101624,
    "n_close_orders": 2,
    "rentry_pprice_dist": 0.005,
    "rentry_pprice_dist_wallet_exposure_weighting": 18.7242085612914,
    "wallet_exposure_limit": 0.2
  },
  "short": {
    "auto_unstuck_ema_dist": 0.0,
    "auto_unstuck_wallet_exposure_threshold": 0.29901375425767945,
    "ddown_factor": 0.06002360568084861,
    "ema_span_0": 31.396250623131394,
    "ema_span_1": 60.0,
    "enabled": true,
    "initial_eprice_ema_dist": -0.0017350728252605284,
    "initial_qty_pct": 0.17335756327789494,
    "markup_range": 0.014145793920131974,
    "min_markup": 0.001,
    "n_close_orders": 2,
    "rentry_pprice_dist": 0.005,
    "rentry_pprice_dist_wallet_exposure_weighting": 3.464676778482721,
    "wallet_exposure_limit": 0.17630374662723475
  }
}