{
  "config_name": "CRVUSDT long-0.000929235113856328 short-0.000466267471600404",
  "logging_level": 0,
  "long": {
    "auto_unstuck_ema_dist": -0.017274376789590984,
    "auto_unstuck_wallet_exposure_threshold": 0.006505205426446528,
    "ddown_factor": 1.5612657618259667,
    "ema_span_0": 56.843796498618005,
    "ema_span_1": 80.43407247228288,
    "enabled": true,
    "initial_eprice_ema_dist": 0.005036429593972612,
    "initial_qty_pct": 0.1,
    "markup_range": 0.025352821272810834,
    "min_markup": 0.0014845580962723657,
    "n_close_orders": 2,
    "rentry_pprice_dist": 0.005,
    "rentry_pprice_dist_wallet_exposure_weighting": 2.4874319931932654,
    "wallet_exposure_limit": 0.1858630619564394
  },
  "short": {
    "auto_unstuck_ema_dist": -0.07557195542686708,
    "auto_unstuck_wallet_exposure_threshold": 0.04952319651212332,
    "ddown_factor": 0.4238619396540216,
    "ema_span_0": 38.63728629561206,
    "ema_span_1": 1286.4017174108965,
    "enabled": true,
    "initial_eprice_ema_dist": 0.00684514866709897,
    "initial_qty_pct": 0.1,
    "markup_range": 0.044904171037465836,
    "min_markup": 0.001,
    "n_close_orders": 2,
    "rentry_pprice_dist": 0.11307872882363774,
    "rentry_pprice_dist_wallet_exposure_weighting": 24.043830559348862,
    "wallet_exposure_limit": 0.17037020081049684
  }
}