{
  "config_name": "CVCUSDT long-0.00107456464911503 short--0.0094017325876931",
  "logging_level": 0,
  "long": {
    "auto_unstuck_ema_dist": -0.005822659259657453,
    "auto_unstuck_wallet_exposure_threshold": 0.04526330221118447,
    "ddown_factor": 2.9029551626870838,
    "ema_span_0": 38.19252873259011,
    "ema_span_1": 197.62327617446678,
    "enabled": true,
    "initial_eprice_ema_dist": 0.00758957009368247,
    "initial_qty_pct": 0.01495300371472754,
    "markup_range": 0.08038858171216196,
    "min_markup": 0.005957353029215333,
    "n_close_orders": 17,
    "rentry_pprice_dist": 0.04010803938658784,
    "rentry_pprice_dist_wallet_exposure_weighting": 0.10544106464162817,
    "wallet_exposure_limit": 0.18049709940357667
  },
  "short": {
    "auto_unstuck_ema_dist": -0.002535851676414234,
    "auto_unstuck_wallet_exposure_threshold": 0.010422886701106682,
    "ddown_factor": 1.9197284268727526,
    "ema_span_0": 0.6637888469012896,
    "ema_span_1": 60.0,
    "enabled": false,
    "initial_eprice_ema_dist": -0.018150211401820108,
    "initial_qty_pct": 0.01279625045396527,
    "markup_range": 0.00439635835275478,
    "min_markup": 0.0012115565425596918,
    "n_close_orders": 1,
    "rentry_pprice_dist": 0.005,
    "rentry_pprice_dist_wallet_exposure_weighting": 0.0,
    "wallet_exposure_limit": 0.12242345081056918
  }
}