{
  "config_name": "DENTUSDT long-0.00375852233068135 short--0.00401047338865732",
  "logging_level": 0,
  "long": {
    "auto_unstuck_ema_dist": 0.025158237062606878,
    "auto_unstuck_wallet_exposure_threshold": 0.34804803080037333,
    "ddown_factor": 1.1654523895405562,
    "ema_span_0": 58.52292307354227,
    "ema_span_1": 591.1618227961978,
    "enabled": true,
    "initial_eprice_ema_dist": 0.01,
    "initial_qty_pct": 0.1,
    "markup_range": 0.013384959532233698,
    "min_markup": 0.016257091415227267,
    "n_close_orders": 2,
    "rentry_pprice_dist": 0.00989602814613176,
    "rentry_pprice_dist_wallet_exposure_weighting": 0.0,
    "wallet_exposure_limit": 0.2
  },
  "short": {
    "auto_unstuck_ema_dist": 0.0,
    "auto_unstuck_wallet_exposure_threshold": 0.07433105174047466,
    "ddown_factor": 0.4860725248631378,
    "ema_span_0": 30.83124579731749,
    "ema_span_1": 60.0,
    "enabled": true,
    "initial_eprice_ema_dist": -0.0070363617786525536,
    "initial_qty_pct": 0.10887366651326152,
    "markup_range": 0.0018989816303308094,
    "min_markup": 0.001,
    "n_close_orders": 2,
    "rentry_pprice_dist": 0.005,
    "rentry_pprice_dist_wallet_exposure_weighting": 2.104458518137788,
    "wallet_exposure_limit": 0.19905121021015573
  }
}