{
  "config_name": "DGBUSDT long-0.001453390618536 short--0.00889766165000579",
  "logging_level": 0,
  "long": {
    "auto_unstuck_ema_dist": 0.01383329502309121,
    "auto_unstuck_wallet_exposure_threshold": 0.0013156564357535469,
    "ddown_factor": 2.797801177306936,
    "ema_span_0": 35.7530700172837,
    "ema_span_1": 887.224228131217,
    "enabled": true,
    "initial_eprice_ema_dist": 0.023735381050913367,
    "initial_qty_pct": 0.1,
    "markup_range": 0.03911946223920958,
    "min_markup": 0.02731526655857892,
    "n_close_orders": 2,
    "rentry_pprice_dist": 0.005,
    "rentry_pprice_dist_wallet_exposure_weighting": 1.3906899189218676,
    "wallet_exposure_limit": 0.18003081831025974
  },
  "short": {
    "auto_unstuck_ema_dist": -0.027896948830950653,
    "auto_unstuck_wallet_exposure_threshold": 0.04139393219668049,
    "ddown_factor": 2.3040641363776464,
    "ema_span_0": 24.286969509408358,
    "ema_span_1": 60.0,
    "enabled": false,
    "initial_eprice_ema_dist": -0.0029598256966720795,
    "initial_qty_pct": 0.1,
    "markup_range": 0.0676989419030698,
    "min_markup": 0.0030525324877656097,
    "n_close_orders": 1,
    "rentry_pprice_dist": 0.005,
    "rentry_pprice_dist_wallet_exposure_weighting": 0.0,
    "wallet_exposure_limit": 0.16733388396144977
  }
}