{
  "config_name": "DOGEUSDT long-0.000260208194850573 short--0.000131807588609258",
  "logging_level": 0,
  "long": {
    "auto_unstuck_ema_dist": 0.008547769821898768,
    "auto_unstuck_wallet_exposure_threshold": 0.009214888042586267,
    "ddown_factor": 1.5775992694314611,
    "ema_span_0": 26.02684550025917,
    "ema_span_1": 563.4533681453271,
    "enabled": true,
    "initial_eprice_ema_dist": 0.007362112175957329,
    "initial_qty_pct": 0.018834874409267385,
    "markup_range": 0.007674589297559445,
    "min_markup": 0.0023405723523639912,
    "n_close_orders": 16,
    "rentry_pprice_dist": 0.01928932169206529,
    "rentry_pprice_dist_wallet_exposure_weighting": 2.584334072788165,
    "wallet_exposure_limit": 0.14466356978869288
  },
  "short": {
    "auto_unstuck_ema_dist": 0.0013755149764334501,
    "auto_unstuck_wallet_exposure_threshold": 0.029461714870414116,
    "ddown_factor": 2.9494556552462132,
    "ema_span_0": 32.13718768776344,
    "ema_span_1": 251.84990038811483,
    "enabled": false,
    "initial_eprice_ema_dist": -0.007016713566950791,
    "initial_qty_pct": 0.019971310160548168,
    "markup_range": 0.009794643388279865,
    "min_markup": 0.011932594029330671,
    "n_close_orders": 15,
    "rentry_pprice_dist": 0.005687612692001305,
    "rentry_pprice_dist_wallet_exposure_weighting": 2.633617872657341,
    "wallet_exposure_limit": 0.12927026692964388
  }
}