{
  "config_name": "DOGEUSDT long-0.00267933085655062 short-0.00169800986675942",
  "logging_level": 0,
  "long": {
    "auto_unstuck_ema_dist": 0.0886098052784273,
    "auto_unstuck_wallet_exposure_threshold": 0.0244637825986372,
    "ddown_factor": 1.844813607152184,
    "ema_span_0": 42.922214381522,
    "ema_span_1": 211.9239681847088,
    "enabled": true,
    "initial_eprice_ema_dist": -0.001289394628798124,
    "initial_qty_pct": 0.03964874952487552,
    "markup_range": 0.044756731915699226,
    "min_markup": 0.04527874381188,
    "n_close_orders": 8,
    "rentry_pprice_dist": 0.03400091520066147,
    "rentry_pprice_dist_wallet_exposure_weighting": 0.08534157437710722,
    "wallet_exposure_limit": 0.1
  },
  "short": {
    "auto_unstuck_ema_dist": 0.02836208295120837,
    "auto_unstuck_wallet_exposure_threshold": 0.5021183558821628,
    "ddown_factor": 0.11161396521561776,
    "ema_span_0": 24.17483886917597,
    "ema_span_1": 734.3190927170268,
    "enabled": true,
    "initial_eprice_ema_dist": -0.002917670139947273,
    "initial_qty_pct": 0.03415930915270985,
    "markup_range": 0.012691625023761446,
    "min_markup": 0.026573015738463178,
    "n_close_orders": 9,
    "rentry_pprice_dist": 0.037173714873365196,
    "rentry_pprice_dist_wallet_exposure_weighting": 41.47981150134236,
    "wallet_exposure_limit": 0.1
  }
}