{
  "config_name": "DOGEUSDT long-0.00284385513995303 short-0.0017445337553878",
  "logging_level": 0,
  "long": {
    "auto_unstuck_ema_dist": 0.005880656741428351,
    "auto_unstuck_wallet_exposure_threshold": 0.024561353432322366,
    "ddown_factor": 0.7991025208081534,
    "ema_span_0": 20.925678574812967,
    "ema_span_1": 425.29679431781295,
    "enabled": true,
    "initial_eprice_ema_dist": -0.031914629282626034,
    "initial_qty_pct": 0.1,
    "markup_range": 0.09522392391789239,
    "min_markup": 0.013351316717919056,
    "n_close_orders": 2,
    "rentry_pprice_dist": 0.005,
    "rentry_pprice_dist_wallet_exposure_weighting": 8.729958208365124,
    "wallet_exposure_limit": 0.1738297973076383
  },
  "short": {
    "auto_unstuck_ema_dist": -0.004160993655738159,
    "auto_unstuck_wallet_exposure_threshold": 0.023325338723903605,
    "ddown_factor": 2.6318127972337946,
    "ema_span_0": 58.28961041313183,
    "ema_span_1": 449.10617872989616,
    "enabled": true,
    "initial_eprice_ema_dist": -0.062343986847088466,
    "initial_qty_pct": 0.1,
    "markup_range": 0.013490725480259685,
    "min_markup": 0.001,
    "n_close_orders": 2,
    "rentry_pprice_dist": 0.008818031673469152,
    "rentry_pprice_dist_wallet_exposure_weighting": 1.2738011087270378,
    "wallet_exposure_limit": 0.18652836901969136
  }
}