{
  "config_name": "DOTUSDT long-0.000646092686602789 short-0.00106840768333043",
  "logging_level": 0,
  "long": {
    "auto_unstuck_ema_dist": -0.0669530771681622,
    "auto_unstuck_wallet_exposure_threshold": 0.03264432819422961,
    "ddown_factor": 2.256558513155254,
    "ema_span_0": 43.279718599126284,
    "ema_span_1": 549.4639008251922,
    "enabled": true,
    "initial_eprice_ema_dist": 0.009566506256315107,
    "initial_qty_pct": 0.1,
    "markup_range": 0.04897734987571717,
    "min_markup": 0.012484737526027067,
    "n_close_orders": 2,
    "rentry_pprice_dist": 0.00774686006088511,
    "rentry_pprice_dist_wallet_exposure_weighting": 7.302063343351521,
    "wallet_exposure_limit": 0.1485048258040581
  },
  "short": {
    "auto_unstuck_ema_dist": -0.009856164616867573,
    "auto_unstuck_wallet_exposure_threshold": 0.048099154682702865,
    "ddown_factor": 2.276531085982203,
    "ema_span_0": 36.67999101319356,
    "ema_span_1": 656.5240174294847,
    "enabled": true,
    "initial_eprice_ema_dist": -0.09952118915229208,
    "initial_qty_pct": 0.1,
    "markup_range": 0.004678729442223281,
    "min_markup": 0.005151031433289816,
    "n_close_orders": 2,
    "rentry_pprice_dist": 0.005,
    "rentry_pprice_dist_wallet_exposure_weighting": 5.8864252190719935,
    "wallet_exposure_limit": 0.15768504363928093
  }
}