{
  "config_name": "DYDXUSDT long-0.000996112259955092 short-0.00117449782200375",
  "logging_level": 0,
  "long": {
    "auto_unstuck_ema_dist": -0.026785628691266213,
    "auto_unstuck_wallet_exposure_threshold": 0.022366006014759104,
    "ddown_factor": 2.9590328010474214,
    "ema_span_0": 45.23061973922008,
    "ema_span_1": 200.03424082441245,
    "enabled": true,
    "initial_eprice_ema_dist": 0.00554674306959832,
    "initial_qty_pct": 0.1,
    "markup_range": 0.00494228534579256,
    "min_markup": 0.006536149286988503,
    "n_close_orders": 2,
    "rentry_pprice_dist": 0.008818438412685509,
    "rentry_pprice_dist_wallet_exposure_weighting": 6.227655713009408,
    "wallet_exposure_limit": 0.1946032573293858
  },
  "short": {
    "auto_unstuck_ema_dist": -0.009215641903575449,
    "auto_unstuck_wallet_exposure_threshold": 0.0409021080376052,
    "ddown_factor": 2.164091040242187,
    "ema_span_0": 47.44949636536701,
    "ema_span_1": 182.97857413389812,
    "enabled": true,
    "initial_eprice_ema_dist": -0.03609075877152372,
    "initial_qty_pct": 0.1,
    "markup_range": 0.03815154117689606,
    "min_markup": 0.003976322069510035,
    "n_close_orders": 1,
    "rentry_pprice_dist": 0.005748989232369701,
    "rentry_pprice_dist_wallet_exposure_weighting": 1.499720625901035,
    "wallet_exposure_limit": 0.1786872248872944
  }
}