{
  "config_name": "DYDXUSDT long-0.000207378462374154 short--0.000098649559734341",
  "logging_level": 0,
  "long": {
    "auto_unstuck_ema_dist": 0.009510092551661931,
    "auto_unstuck_wallet_exposure_threshold": 0.024388576419335374,
    "ddown_factor": 0.04716542800301111,
    "ema_span_0": 31.808644914356048,
    "ema_span_1": 233.27757072342905,
    "enabled": true,
    "initial_eprice_ema_dist": 0.0013989677345831774,
    "initial_qty_pct": 0.016057369593365466,
    "markup_range": 0.0011007133952168641,
    "min_markup": 0.014022278455990094,
    "n_close_orders": 13,
    "rentry_pprice_dist": 0.015218497210844633,
    "rentry_pprice_dist_wallet_exposure_weighting": 7.848483921585907,
    "wallet_exposure_limit": 0.10467034707696786
  },
  "short": {
    "auto_unstuck_ema_dist": 0.010897042444273003,
    "auto_unstuck_wallet_exposure_threshold": 0.03563739131271796,
    "ddown_factor": 2.1000397255119356,
    "ema_span_0": 42.66247479769933,
    "ema_span_1": 169.0335049919594,
    "enabled": false,
    "initial_eprice_ema_dist": 0.007364153865258044,
    "initial_qty_pct": 0.018235815971555082,
    "markup_range": 0.04725537913481682,
    "min_markup": 0.008480348306871954,
    "n_close_orders": 19,
    "rentry_pprice_dist": 0.008941844887727137,
    "rentry_pprice_dist_wallet_exposure_weighting": 4.04077739725203,
    "wallet_exposure_limit": 0.15326636179472003
  }
}