{
  "config_name": "EGLDUSDT long-0.000871833803156533 short--0.00235123940158246",
  "logging_level": 0,
  "long": {
    "auto_unstuck_ema_dist": 0.0,
    "auto_unstuck_wallet_exposure_threshold": 0.06708843477076923,
    "ddown_factor": 0.12900663262943898,
    "ema_span_0": 34.259676199100824,
    "ema_span_1": 135.23857584516838,
    "enabled": true,
    "initial_eprice_ema_dist": 0.01,
    "initial_qty_pct": 0.1,
    "markup_range": 0.014511509659808696,
    "min_markup": 0.005831085109241874,
    "n_close_orders": 2,
    "rentry_pprice_dist": 0.03227032125782556,
    "rentry_pprice_dist_wallet_exposure_weighting": 38.348391457241675,
    "wallet_exposure_limit": 0.1
  },
  "short": {
    "auto_unstuck_ema_dist": 0.0,
    "auto_unstuck_wallet_exposure_threshold": 0.059848021523627726,
    "ddown_factor": 1.9099784209196333,
    "ema_span_0": 10.72362564995424,
    "ema_span_1": 66.67448960824551,
    "enabled": true,
    "initial_eprice_ema_dist": 0.0008765343866632552,
    "initial_qty_pct": 0.1,
    "markup_range": 0.01573520377105077,
    "min_markup": 0.020714399350575365,
    "n_close_orders": 2,
    "rentry_pprice_dist": 0.03175248755498309,
    "rentry_pprice_dist_wallet_exposure_weighting": 53.77876301142026,
    "wallet_exposure_limit": 0.1
  }
}