{
  "config_name": "ENJUSDT long-0.00121674613634195 short-0.00034521227219173",
  "logging_level": 0,
  "long": {
    "auto_unstuck_ema_dist": 0.0,
    "auto_unstuck_wallet_exposure_threshold": 0.056673399460590995,
    "ddown_factor": 2.522786250273568,
    "ema_span_0": 25.738649106355222,
    "ema_span_1": 296.42250556338354,
    "enabled": true,
    "initial_eprice_ema_dist": 0.004699632323772917,
    "initial_qty_pct": 0.1,
    "markup_range": 0.01876152263581138,
    "min_markup": 0.018685293042713654,
    "n_close_orders": 2,
    "rentry_pprice_dist": 0.009201833747267806,
    "rentry_pprice_dist_wallet_exposure_weighting": 1.9006915347759101,
    "wallet_exposure_limit": 0.1
  },
  "short": {
    "auto_unstuck_ema_dist": 0.0,
    "auto_unstuck_wallet_exposure_threshold": 0.03787313645918102,
    "ddown_factor": 0.35921554111766363,
    "ema_span_0": 27.413222740283768,
    "ema_span_1": 310.6694269763241,
    "enabled": true,
    "initial_eprice_ema_dist": -0.005854642273370209,
    "initial_qty_pct": 0.1,
    "markup_range": 0.005080623943578902,
    "min_markup": 0.01928885269531029,
    "n_close_orders": 2,
    "rentry_pprice_dist": 0.006113098784957087,
    "rentry_pprice_dist_wallet_exposure_weighting": 4.593477080963583,
    "wallet_exposure_limit": 0.1
  }
}