{
  "config_name": "EOSUSDT long-0.000195573747853731 short-0.00025018882414275",
  "logging_level": 0,
  "long": {
    "auto_unstuck_ema_dist": 0.047243185899127405,
    "auto_unstuck_wallet_exposure_threshold": 0.0028460134888719534,
    "ddown_factor": 1.937443406132004,
    "ema_span_0": 3.2703712324783707,
    "ema_span_1": 680.6465284343819,
    "enabled": true,
    "initial_eprice_ema_dist": 0.01,
    "initial_qty_pct": 0.011037564366945926,
    "markup_range": 0.004918983337062109,
    "min_markup": 0.01969837138103441,
    "n_close_orders": 5,
    "rentry_pprice_dist": 0.007713880300011909,
    "rentry_pprice_dist_wallet_exposure_weighting": 42.73035383210464,
    "wallet_exposure_limit": 0.1963949292793237
  },
  "short": {
    "auto_unstuck_ema_dist": 0.010507641184788353,
    "auto_unstuck_wallet_exposure_threshold": 0.09840109693447863,
    "ddown_factor": 0.7965760503674767,
    "ema_span_0": 46.03859580298606,
    "ema_span_1": 463.0663282755062,
    "enabled": true,
    "initial_eprice_ema_dist": -0.03359668165944489,
    "initial_qty_pct": 0.012095697151666238,
    "markup_range": 0.004086926581467537,
    "min_markup": 0.026837460415439815,
    "n_close_orders": 8,
    "rentry_pprice_dist": 0.01427606834363198,
    "rentry_pprice_dist_wallet_exposure_weighting": 1.2915734845985691,
    "wallet_exposure_limit": 0.14591857650758813
  }
}