{
  "config_name": "EOSUSDT long-0.00070090993643955 short-0.000810725339920104",
  "logging_level": 0,
  "long": {
    "auto_unstuck_ema_dist": -0.01375554799923034,
    "auto_unstuck_wallet_exposure_threshold": 0.015394491774000506,
    "ddown_factor": 0.6051849757035646,
    "ema_span_0": 52.65943820583137,
    "ema_span_1": 730.5920743317988,
    "enabled": true,
    "initial_eprice_ema_dist": 0.010417425425556431,
    "initial_qty_pct": 0.1,
    "markup_range": 0.05658427393807306,
    "min_markup": 0.0017576292332178176,
    "n_close_orders": 2,
    "rentry_pprice_dist": 0.005,
    "rentry_pprice_dist_wallet_exposure_weighting": 2.8648790463633347,
    "wallet_exposure_limit": 0.1551917612388631
  },
  "short": {
    "auto_unstuck_ema_dist": -0.005785777210870593,
    "auto_unstuck_wallet_exposure_threshold": 0.023096627399886206,
    "ddown_factor": 1.1991793315337622,
    "ema_span_0": 50.17452874369352,
    "ema_span_1": 1097.2199389469708,
    "enabled": true,
    "initial_eprice_ema_dist": -0.009646515446685757,
    "initial_qty_pct": 0.1,
    "markup_range": 0.005717988632069932,
    "min_markup": 0.0028642724228520023,
    "n_close_orders": 1,
    "rentry_pprice_dist": 0.10218775334913315,
    "rentry_pprice_dist_wallet_exposure_weighting": 64.58901179354343,
    "wallet_exposure_limit": 0.10429653024053372
  }
}