{
  "config_name": "ETHUSDT long-0.00113028583941496 short-0.000158249865494342",
  "logging_level": 0,
  "long": {
    "auto_unstuck_ema_dist": -0.006263698892716496,
    "auto_unstuck_wallet_exposure_threshold": 0.04554743698013866,
    "ddown_factor": 2.5646372718209016,
    "ema_span_0": 49.7212457386148,
    "ema_span_1": 122.94314023514167,
    "enabled": true,
    "initial_eprice_ema_dist": 0.003387452307069838,
    "initial_qty_pct": 0.1,
    "markup_range": 0.08100377339381638,
    "min_markup": 0.0048299026387789825,
    "n_close_orders": 1,
    "rentry_pprice_dist": 0.007902369474541199,
    "rentry_pprice_dist_wallet_exposure_weighting": 0.0,
    "wallet_exposure_limit": 0.16333408523310958
  },
  "short": {
    "auto_unstuck_ema_dist": -0.09486477587514526,
    "auto_unstuck_wallet_exposure_threshold": 0.044839426167606874,
    "ddown_factor": 0.5694919858309265,
    "ema_span_0": 49.43554283276936,
    "ema_span_1": 1137.7903808841193,
    "enabled": true,
    "initial_eprice_ema_dist": 0.0011621405799254365,
    "initial_qty_pct": 0.1,
    "markup_range": 0.06898112950845227,
    "min_markup": 0.002050301885516772,
    "n_close_orders": 2,
    "rentry_pprice_dist": 0.005,
    "rentry_pprice_dist_wallet_exposure_weighting": 4.92659973391754,
    "wallet_exposure_limit": 0.19405481570205738
  }
}