{
  "config_name": "FILUSDT long-0.00230500282134118 short-0.000939360871721265",
  "logging_level": 0,
  "long": {
    "auto_unstuck_ema_dist": 0.007798488082886978,
    "auto_unstuck_wallet_exposure_threshold": 0.019965907074528323,
    "ddown_factor": 1.1562449175119436,
    "ema_span_0": 45.55656500390078,
    "ema_span_1": 333.7420226984001,
    "enabled": true,
    "initial_eprice_ema_dist": 0.01354314822152838,
    "initial_qty_pct": 0.1,
    "markup_range": 0.06524259062273216,
    "min_markup": 0.007904585473374817,
    "n_close_orders": 1,
    "rentry_pprice_dist": 0.023552746804473463,
    "rentry_pprice_dist_wallet_exposure_weighting": 0.0,
    "wallet_exposure_limit": 0.19281418517454452
  },
  "short": {
    "auto_unstuck_ema_dist": -0.07056718964639608,
    "auto_unstuck_wallet_exposure_threshold": 0.017851687014591344,
    "ddown_factor": 0.8253120195990845,
    "ema_span_0": 54.786323187891696,
    "ema_span_1": 999.7141778512456,
    "enabled": true,
    "initial_eprice_ema_dist": -0.001410130289582852,
    "initial_qty_pct": 0.1,
    "markup_range": 0.09247315315799301,
    "min_markup": 0.013174470767154974,
    "n_close_orders": 2,
    "rentry_pprice_dist": 0.0480698188825872,
    "rentry_pprice_dist_wallet_exposure_weighting": 0.0,
    "wallet_exposure_limit": 0.145376483475073
  }
}