{
  "config_name": "FLMUSDT long-0.000254362360089799 short--0.0177690628023715",
  "logging_level": 0,
  "long": {
    "auto_unstuck_ema_dist": -0.018476031280765595,
    "auto_unstuck_wallet_exposure_threshold": 0.034298294715391586,
    "ddown_factor": 2.1202730143136046,
    "ema_span_0": 20.448545988242596,
    "ema_span_1": 228.81223862678522,
    "enabled": true,
    "initial_eprice_ema_dist": 0.008422268480605538,
    "initial_qty_pct": 0.1,
    "markup_range": 0.041071581704751545,
    "min_markup": 0.0028165781866461193,
    "n_close_orders": 2,
    "rentry_pprice_dist": 0.005,
    "rentry_pprice_dist_wallet_exposure_weighting": 8.73500206905387,
    "wallet_exposure_limit": 0.11988203166003814
  },
  "short": {
    "auto_unstuck_ema_dist": -0.07042899051998204,
    "auto_unstuck_wallet_exposure_threshold": 0.03297208342950685,
    "ddown_factor": 1.1819965142451914,
    "ema_span_0": 40.186174677004445,
    "ema_span_1": 96.95816984950753,
    "enabled": false,
    "initial_eprice_ema_dist": -0.03675672057549545,
    "initial_qty_pct": 0.1,
    "markup_range": 0.043289699837516925,
    "min_markup": 0.001,
    "n_close_orders": 1,
    "rentry_pprice_dist": 0.005,
    "rentry_pprice_dist_wallet_exposure_weighting": 0.0,
    "wallet_exposure_limit": 0.13587897062434287
  }
}