{
  "config_name": "FTMUSDT long-0.00107190028202368 short-0.00154033601842414",
  "logging_level": 0,
  "long": {
    "auto_unstuck_ema_dist": 0.07982438849128132,
    "auto_unstuck_wallet_exposure_threshold": 0.2106929825149616,
    "ddown_factor": 1.5208565073853086,
    "ema_span_0": 8.482828824475643,
    "ema_span_1": 347.46045472919553,
    "enabled": true,
    "initial_eprice_ema_dist": -0.00012669895883545858,
    "initial_qty_pct": 0.047375396621351935,
    "markup_range": 0.03456307012953091,
    "min_markup": 0.010876780568305017,
    "n_close_orders": 10,
    "rentry_pprice_dist": 0.015958976220507088,
    "rentry_pprice_dist_wallet_exposure_weighting": 3.661383167585802,
    "wallet_exposure_limit": 0.1
  },
  "short": {
    "auto_unstuck_ema_dist": 0.008533330361419185,
    "auto_unstuck_wallet_exposure_threshold": 0.1928300459159007,
    "ddown_factor": 2.5465942932456125,
    "ema_span_0": 1.109668733334828,
    "ema_span_1": 692.7822598916763,
    "enabled": true,
    "initial_eprice_ema_dist": -0.020493982232485854,
    "initial_qty_pct": 0.03010921276995261,
    "markup_range": 0.019028149252867645,
    "min_markup": 0.03807742955653503,
    "n_close_orders": 10,
    "rentry_pprice_dist": 0.005430318175328415,
    "rentry_pprice_dist_wallet_exposure_weighting": 4.0022080068316646,
    "wallet_exposure_limit": 0.1
  }
}