{
  "config_name": "FTMUSDT long--0.000207917466209877 short-0.000403179114551393",
  "logging_level": 0,
  "long": {
    "auto_unstuck_ema_dist": 0.0,
    "auto_unstuck_wallet_exposure_threshold": 0.09712150077317451,
    "ddown_factor": 2.2758101959687154,
    "ema_span_0": 46.369417568845904,
    "ema_span_1": 482.4307645730051,
    "enabled": true,
    "initial_eprice_ema_dist": -0.009755309635865142,
    "initial_qty_pct": 0.169531507713106,
    "markup_range": 0.0018509477467409266,
    "min_markup": 0.014439338385926221,
    "n_close_orders": 2,
    "rentry_pprice_dist": 0.005150921066209166,
    "rentry_pprice_dist_wallet_exposure_weighting": 7.121184061905984,
    "wallet_exposure_limit": 0.1
  },
  "short": {
    "auto_unstuck_ema_dist": 0.0,
    "auto_unstuck_wallet_exposure_threshold": 0.22453669486899433,
    "ddown_factor": 0.8446286158263137,
    "ema_span_0": 6.7075240250550365,
    "ema_span_1": 354.760897988071,
    "enabled": true,
    "initial_eprice_ema_dist": -0.07979089707405827,
    "initial_qty_pct": 0.1960954154845241,
    "markup_range": 0.01721363478852531,
    "min_markup": 0.004121641355503638,
    "n_close_orders": 2,
    "rentry_pprice_dist": 0.008419881833833642,
    "rentry_pprice_dist_wallet_exposure_weighting": 1.1215157727349645,
    "wallet_exposure_limit": 0.1
  }
}