{
  "config_name": "FTMUSDT long-0.000299236292951366 short-0.000541949803450209",
  "logging_level": 0,
  "long": {
    "auto_unstuck_ema_dist": 0.05871293985675616,
    "auto_unstuck_wallet_exposure_threshold": 0.023544949974322188,
    "ddown_factor": 2.2803429944998475,
    "ema_span_0": 56.873641394324615,
    "ema_span_1": 311.0433741829098,
    "enabled": true,
    "initial_eprice_ema_dist": 0.011457674342319778,
    "initial_qty_pct": 0.1,
    "markup_range": 0.05770931586504064,
    "min_markup": 0.001,
    "n_close_orders": 2,
    "rentry_pprice_dist": 0.02102489455319461,
    "rentry_pprice_dist_wallet_exposure_weighting": 1.159047514759057,
    "wallet_exposure_limit": 0.11644655518193382
  },
  "short": {
    "auto_unstuck_ema_dist": -0.016612617130015356,
    "auto_unstuck_wallet_exposure_threshold": 0.006639225069743718,
    "ddown_factor": 2.231282418540462,
    "ema_span_0": 21.111109037338302,
    "ema_span_1": 938.8929352914733,
    "enabled": true,
    "initial_eprice_ema_dist": -0.006033466529064183,
    "initial_qty_pct": 0.1,
    "markup_range": 0.021107582759456282,
    "min_markup": 0.006382980856577854,
    "n_close_orders": 1,
    "rentry_pprice_dist": 0.024806186962763495,
    "rentry_pprice_dist_wallet_exposure_weighting": 2.4396832754554865,
    "wallet_exposure_limit": 0.17552433495001388
  }
}