{
  "config_name": "GALAUSDT long-0.00193616584884337 short-0.00160411264568823",
  "logging_level": 0,
  "long": {
    "auto_unstuck_ema_dist": 0.08229325004893194,
    "auto_unstuck_wallet_exposure_threshold": 0.011718737533442762,
    "ddown_factor": 1.290576036878157,
    "ema_span_0": 41.34896048780301,
    "ema_span_1": 421.27731993213644,
    "enabled": true,
    "initial_eprice_ema_dist": 0.008000947680104915,
    "initial_qty_pct": 0.1,
    "markup_range": 0.0064764589626264656,
    "min_markup": 0.0046274047033110725,
    "n_close_orders": 1,
    "rentry_pprice_dist": 0.005,
    "rentry_pprice_dist_wallet_exposure_weighting": 10.097457220958933,
    "wallet_exposure_limit": 0.18759244964457197
  },
  "short": {
    "auto_unstuck_ema_dist": -0.002490432091793523,
    "auto_unstuck_wallet_exposure_threshold": 0.04006839696006262,
    "ddown_factor": 1.6232204712851586,
    "ema_span_0": 38.946228054097304,
    "ema_span_1": 146.95523295403757,
    "enabled": true,
    "initial_eprice_ema_dist": -0.023514340184019142,
    "initial_qty_pct": 0.1,
    "markup_range": 0.020002638433091614,
    "min_markup": 0.010846031957357841,
    "n_close_orders": 1,
    "rentry_pprice_dist": 0.005,
    "rentry_pprice_dist_wallet_exposure_weighting": 0.0,
    "wallet_exposure_limit": 0.14873064557772953
  }
}