{
  "config_name": "HBARUSDT long-0.000780941105341632 short-0.00107277685247309",
  "logging_level": 0,
  "long": {
    "auto_unstuck_ema_dist": 0.01845606862374921,
    "auto_unstuck_wallet_exposure_threshold": 0.11249139471051586,
    "ddown_factor": 0.1874173923370053,
    "ema_span_0": 42.39815467074039,
    "ema_span_1": 147.42186458323525,
    "enabled": true,
    "initial_eprice_ema_dist": 0.005793428803207972,
    "initial_qty_pct": 0.12179553400010833,
    "markup_range": 0.04496252727206737,
    "min_markup": 0.003277631110273984,
    "n_close_orders": 2,
    "rentry_pprice_dist": 0.005,
    "rentry_pprice_dist_wallet_exposure_weighting": 23.724479932227187,
    "wallet_exposure_limit": 0.17197557792724819
  },
  "short": {
    "auto_unstuck_ema_dist": 0.2120175433983365,
    "auto_unstuck_wallet_exposure_threshold": 0.29680153365762973,
    "ddown_factor": 2.592460553607092,
    "ema_span_0": 43.11077037282339,
    "ema_span_1": 492.1565865012942,
    "enabled": true,
    "initial_eprice_ema_dist": 0.0022847798960311107,
    "initial_qty_pct": 0.1707054968961518,
    "markup_range": 0.02489061370643513,
    "min_markup": 0.002095034081979361,
    "n_close_orders": 2,
    "rentry_pprice_dist": 0.005,
    "rentry_pprice_dist_wallet_exposure_weighting": 27.419780769921825,
    "wallet_exposure_limit": 0.15644831249057484
  }
}