{
  "config_name": "HNTUSDT long-0.0026317849184687 short--0.00624450944738107",
  "logging_level": 0,
  "long": {
    "auto_unstuck_ema_dist": 0.43339397777764627,
    "auto_unstuck_wallet_exposure_threshold": 0.1369247870594926,
    "ddown_factor": 0.4720412587920046,
    "ema_span_0": 43.718573771077494,
    "ema_span_1": 1433.7537927509134,
    "enabled": true,
    "initial_eprice_ema_dist": -0.013249686230772703,
    "initial_qty_pct": 0.13794447879524488,
    "markup_range": 0.028870976254760282,
    "min_markup": 0.012654430396481259,
    "n_close_orders": 2,
    "rentry_pprice_dist": 0.046776554355713026,
    "rentry_pprice_dist_wallet_exposure_weighting": 28.083745947460585,
    "wallet_exposure_limit": 0.17994100886176534
  },
  "short": {
    "auto_unstuck_ema_dist": 0.00041154409841311914,
    "auto_unstuck_wallet_exposure_threshold": 0.2338691984405777,
    "ddown_factor": 2.5768476655997214,
    "ema_span_0": 13.5706219004464,
    "ema_span_1": 60.0,
    "enabled": true,
    "initial_eprice_ema_dist": 0.0019095325249148696,
    "initial_qty_pct": 0.10438766783072201,
    "markup_range": 0.02804112527446236,
    "min_markup": 0.009741110174955681,
    "n_close_orders": 2,
    "rentry_pprice_dist": 0.11049528284170688,
    "rentry_pprice_dist_wallet_exposure_weighting": 34.29549926419988,
    "wallet_exposure_limit": 0.11095246218300191
  }
}