{
  "config_name": "ICPUSDT long--0.00159758481978436 short-0.000764990693012363",
  "logging_level": 0,
  "long": {
    "auto_unstuck_ema_dist": -0.01685273442469219,
    "auto_unstuck_wallet_exposure_threshold": 0.02502706541967069,
    "ddown_factor": 0.8901479827464485,
    "ema_span_0": 21.59277364226676,
    "ema_span_1": 350.5262190449984,
    "enabled": false,
    "initial_eprice_ema_dist": -0.011191747158881365,
    "initial_qty_pct": 0.1,
    "markup_range": 0.0748273184740307,
    "min_markup": 0.016459540620295112,
    "n_close_orders": 1,
    "rentry_pprice_dist": 0.010066872748257247,
    "rentry_pprice_dist_wallet_exposure_weighting": 0.014699831394846541,
    "wallet_exposure_limit": 0.13588811335307038
  },
  "short": {
    "auto_unstuck_ema_dist": -0.07670723421903983,
    "auto_unstuck_wallet_exposure_threshold": 0.0015743887662309011,
    "ddown_factor": 0.8356057397431367,
    "ema_span_0": 49.18876873296075,
    "ema_span_1": 1306.2142433954148,
    "enabled": true,
    "initial_eprice_ema_dist": -0.019181895054904946,
    "initial_qty_pct": 0.1,
    "markup_range": 0.033211547191420394,
    "min_markup": 0.0038246727196136598,
    "n_close_orders": 2,
    "rentry_pprice_dist": 0.07716515636012507,
    "rentry_pprice_dist_wallet_exposure_weighting": 0.2115933233177003,
    "wallet_exposure_limit": 0.14058141763742005
  }
}