{
  "config_name": "ICXUSDT long-0.000733456618827274 short--0.00694736964528797",
  "logging_level": 0,
  "long": {
    "auto_unstuck_ema_dist": -0.0027058565065103454,
    "auto_unstuck_wallet_exposure_threshold": 0.02663529409554325,
    "ddown_factor": 2.8900987178970037,
    "ema_span_0": 42.58673086351281,
    "ema_span_1": 213.4419280816577,
    "enabled": true,
    "initial_eprice_ema_dist": -0.00171870142648719,
    "initial_qty_pct": 0.013628321789171319,
    "markup_range": 0.02010651045810725,
    "min_markup": 0.0075063761485003235,
    "n_close_orders": 10,
    "rentry_pprice_dist": 0.005,
    "rentry_pprice_dist_wallet_exposure_weighting": 9.92532552300485,
    "wallet_exposure_limit": 0.15626794944868258
  },
  "short": {
    "auto_unstuck_ema_dist": -0.015165613629269497,
    "auto_unstuck_wallet_exposure_threshold": 0.03542717633437955,
    "ddown_factor": 1.8437453184947954,
    "ema_span_0": 9.617932966155264,
    "ema_span_1": 101.39123620320795,
    "enabled": false,
    "initial_eprice_ema_dist": -0.023997000276056158,
    "initial_qty_pct": 0.010320417545818417,
    "markup_range": 0.008302136294969929,
    "min_markup": 0.001,
    "n_close_orders": 12,
    "rentry_pprice_dist": 0.005,
    "rentry_pprice_dist_wallet_exposure_weighting": 0.0,
    "wallet_exposure_limit": 0.1593236391037369
  }
}