{
  "config_name": "IOSTUSDT long-0.00253812587603273 short--0.040559789267751",
  "logging_level": 0,
  "long": {
    "auto_unstuck_ema_dist": -0.0009434490179285413,
    "auto_unstuck_wallet_exposure_threshold": 0.023836667727037356,
    "ddown_factor": 1.4760981250125937,
    "ema_span_0": 56.78050672895547,
    "ema_span_1": 90.27666920988297,
    "enabled": true,
    "initial_eprice_ema_dist": -0.004176067109648133,
    "initial_qty_pct": 0.013427876303572867,
    "markup_range": 0.04568467391099913,
    "min_markup": 0.021816769093781854,
    "n_close_orders": 17,
    "rentry_pprice_dist": 0.029663197279307305,
    "rentry_pprice_dist_wallet_exposure_weighting": 0.0,
    "wallet_exposure_limit": 0.1913661068707447
  },
  "short": {
    "auto_unstuck_ema_dist": -0.06008071450604036,
    "auto_unstuck_wallet_exposure_threshold": 0.029312910699760938,
    "ddown_factor": 0.7497116306929201,
    "ema_span_0": 49.62181690775885,
    "ema_span_1": 60.871094303639175,
    "enabled": false,
    "initial_eprice_ema_dist": -0.008845022195405682,
    "initial_qty_pct": 0.011878944447178203,
    "markup_range": 0.003399881900778893,
    "min_markup": 0.0019302307922055926,
    "n_close_orders": 1,
    "rentry_pprice_dist": 0.005,
    "rentry_pprice_dist_wallet_exposure_weighting": 0.0,
    "wallet_exposure_limit": 0.18087249530301042
  }
}