{
  "config_name": "IOTAUSDT long--0.000607731321534799 short-0.000623697823278819",
  "logging_level": 0,
  "long": {
    "auto_unstuck_ema_dist": 0.3713584788508559,
    "auto_unstuck_wallet_exposure_threshold": 0.23542175152723188,
    "ddown_factor": 2.8654619365179776,
    "ema_span_0": 34.99876229116453,
    "ema_span_1": 60.0,
    "enabled": true,
    "initial_eprice_ema_dist": 0.008176826324422931,
    "initial_qty_pct": 0.19441831012488316,
    "markup_range": 0.04058597490760646,
    "min_markup": 0.005743843758432959,
    "n_close_orders": 2,
    "rentry_pprice_dist": 0.005,
    "rentry_pprice_dist_wallet_exposure_weighting": 18.691339734732207,
    "wallet_exposure_limit": 0.19602003386188013
  },
  "short": {
    "auto_unstuck_ema_dist": 0.22499362147952656,
    "auto_unstuck_wallet_exposure_threshold": 0.1635394789738503,
    "ddown_factor": 1.9197944451200635,
    "ema_span_0": 3.359296971856649,
    "ema_span_1": 580.0848891959462,
    "enabled": true,
    "initial_eprice_ema_dist": -0.0030495391571542696,
    "initial_qty_pct": 0.11001925791166477,
    "markup_range": 0.004696726803371897,
    "min_markup": 0.002423818892884045,
    "n_close_orders": 2,
    "rentry_pprice_dist": 0.006510175010955892,
    "rentry_pprice_dist_wallet_exposure_weighting": 28.44020032880405,
    "wallet_exposure_limit": 0.17478923371361943
  }
}