{
  "config_name": "IOTXUSDT long-0.00164974361719955 short--0.000112908104157437",
  "logging_level": 0,
  "long": {
    "auto_unstuck_ema_dist": 0.0,
    "auto_unstuck_wallet_exposure_threshold": 0.013661643767395058,
    "ddown_factor": 0.05671537866548815,
    "ema_span_0": 18.946512109872735,
    "ema_span_1": 1217.5334404351802,
    "enabled": true,
    "initial_eprice_ema_dist": -0.02032426380086989,
    "initial_qty_pct": 0.1,
    "markup_range": 0.014512618330748153,
    "min_markup": 0.018360790002021125,
    "n_close_orders": 2,
    "rentry_pprice_dist": 0.005,
    "rentry_pprice_dist_wallet_exposure_weighting": 6.895338227142986,
    "wallet_exposure_limit": 0.1
  },
  "short": {
    "auto_unstuck_ema_dist": 0.0,
    "auto_unstuck_wallet_exposure_threshold": 0.06164649866101253,
    "ddown_factor": 0.9641964006545037,
    "ema_span_0": 8.161974498684014,
    "ema_span_1": 857.8381359155712,
    "enabled": true,
    "initial_eprice_ema_dist": -0.0711110802033815,
    "initial_qty_pct": 0.1,
    "markup_range": 0.0018561681665982426,
    "min_markup": 0.02977266697088515,
    "n_close_orders": 2,
    "rentry_pprice_dist": 0.016293812544622248,
    "rentry_pprice_dist_wallet_exposure_weighting": 9.748089674424907,
    "wallet_exposure_limit": 0.1
  }
}