{
  "config_name": "KNCUSDT long-0.00997537188178202 short--0.0055992666735642",
  "logging_level": 0,
  "long": {
    "auto_unstuck_ema_dist": 0.0,
    "auto_unstuck_wallet_exposure_threshold": 0.0,
    "ddown_factor": 2.7097977317584676,
    "ema_span_0": 5.788335249484023,
    "ema_span_1": 963.4083128615954,
    "enabled": true,
    "initial_eprice_ema_dist": 0.008592322796223711,
    "initial_qty_pct": 0.18063725545748067,
    "markup_range": 0.04327962318984724,
    "min_markup": 0.028332954271076658,
    "n_close_orders": 2,
    "rentry_pprice_dist": 0.005,
    "rentry_pprice_dist_wallet_exposure_weighting": 0.0,
    "wallet_exposure_limit": 0.17944192308874343
  },
  "short": {
    "auto_unstuck_ema_dist": 0.0005354293469552549,
    "auto_unstuck_wallet_exposure_threshold": 0.4590580330780759,
    "ddown_factor": 2.0951799700317215,
    "ema_span_0": 44.48677306864054,
    "ema_span_1": 135.46047772799022,
    "enabled": true,
    "initial_eprice_ema_dist": -0.010016130176696426,
    "initial_qty_pct": 0.14323642791107191,
    "markup_range": 0.032226956514592425,
    "min_markup": 0.004225741456798885,
    "n_close_orders": 2,
    "rentry_pprice_dist": 0.11264258351933931,
    "rentry_pprice_dist_wallet_exposure_weighting": 44.176433274947954,
    "wallet_exposure_limit": 0.10480780918232542
  }
}