{
  "config_name": "LINAUSDT long-0.00477728413825899 short--0.000814394490716581",
  "logging_level": 0,
  "long": {
    "auto_unstuck_ema_dist": 0.015608450451204669,
    "auto_unstuck_wallet_exposure_threshold": 0.15721227642217744,
    "ddown_factor": 3.0,
    "ema_span_0": 5.838883703636645,
    "ema_span_1": 595.128870128011,
    "enabled": true,
    "initial_eprice_ema_dist": 0.01,
    "initial_qty_pct": 0.15611842901621239,
    "markup_range": 0.0481620583233615,
    "min_markup": 0.03939856677273955,
    "n_close_orders": 2,
    "rentry_pprice_dist": 0.005,
    "rentry_pprice_dist_wallet_exposure_weighting": 31.6365622240619,
    "wallet_exposure_limit": 0.2
  },
  "short": {
    "auto_unstuck_ema_dist": 0.0,
    "auto_unstuck_wallet_exposure_threshold": 0.4136827712118196,
    "ddown_factor": 0.011084176316408234,
    "ema_span_0": 52.88455855891012,
    "ema_span_1": 203.324213484634,
    "enabled": true,
    "initial_eprice_ema_dist": -0.0673254678928259,
    "initial_qty_pct": 0.17183186023972796,
    "markup_range": 0.006676823955764811,
    "min_markup": 0.0010898024944884877,
    "n_close_orders": 2,
    "rentry_pprice_dist": 0.008346053863739615,
    "rentry_pprice_dist_wallet_exposure_weighting": 0.0,
    "wallet_exposure_limit": 0.1316229042410386
  }
}