{
  "config_name": "LINKUSDT long--0.0000966603232206015 short-0.000279301802550327",
  "logging_level": 0,
  "long": {
    "auto_unstuck_ema_dist": -0.006983404866982841,
    "auto_unstuck_wallet_exposure_threshold": 0.03991413366832112,
    "ddown_factor": 1.5962786190805296,
    "ema_span_0": 18.501070016172452,
    "ema_span_1": 308.0723130950413,
    "enabled": false,
    "initial_eprice_ema_dist": 0.0017497931776409327,
    "initial_qty_pct": 0.1,
    "markup_range": 0.014875128866232127,
    "min_markup": 0.004306503535177602,
    "n_close_orders": 2,
    "rentry_pprice_dist": 0.01622639481726975,
    "rentry_pprice_dist_wallet_exposure_weighting": 2.1936531845203544,
    "wallet_exposure_limit": 0.1319101961784662
  },
  "short": {
    "auto_unstuck_ema_dist": -0.013991317652106885,
    "auto_unstuck_wallet_exposure_threshold": 0.03700739356246419,
    "ddown_factor": 2.4544396478800152,
    "ema_span_0": 1.0724355839352593,
    "ema_span_1": 995.0560268221258,
    "enabled": true,
    "initial_eprice_ema_dist": -0.007592278812986368,
    "initial_qty_pct": 0.1,
    "markup_range": 0.04917371060445681,
    "min_markup": 0.0012977322090949436,
    "n_close_orders": 1,
    "rentry_pprice_dist": 0.01014822332289523,
    "rentry_pprice_dist_wallet_exposure_weighting": 0.0,
    "wallet_exposure_limit": 0.12245645940479566
  }
}