{
  "config_name": "LITUSDT long-0.00207664750870215 short--0.00527102814933464",
  "logging_level": 0,
  "long": {
    "auto_unstuck_ema_dist": 0.04169458577439139,
    "auto_unstuck_wallet_exposure_threshold": 0.039591487362492135,
    "ddown_factor": 2.735554227340937,
    "ema_span_0": 50.92441437266517,
    "ema_span_1": 312.90130163371265,
    "enabled": true,
    "initial_eprice_ema_dist": 0.0015245894954537542,
    "initial_qty_pct": 0.013510500508348285,
    "markup_range": 0.007437943810573272,
    "min_markup": 0.002325976829909212,
    "n_close_orders": 19,
    "rentry_pprice_dist": 0.02091784855482729,
    "rentry_pprice_dist_wallet_exposure_weighting": 2.5939265399008837,
    "wallet_exposure_limit": 0.16747346955188733
  },
  "short": {
    "auto_unstuck_ema_dist": -0.06923311888813448,
    "auto_unstuck_wallet_exposure_threshold": 0.05,
    "ddown_factor": 0.15915549575528298,
    "ema_span_0": 6.819221722364118,
    "ema_span_1": 73.57891092744664,
    "enabled": false,
    "initial_eprice_ema_dist": -0.09723411117204558,
    "initial_qty_pct": 0.012756476536631006,
    "markup_range": 0.00897012402463508,
    "min_markup": 0.0011499648767048837,
    "n_close_orders": 1,
    "rentry_pprice_dist": 0.005,
    "rentry_pprice_dist_wallet_exposure_weighting": 0.0,
    "wallet_exposure_limit": 0.16821132448828408
  }
}