{
  "config_name": "LRCUSDT long-0.00226602673462591 short-0.000473951754646873",
  "logging_level": 0,
  "long": {
    "auto_unstuck_ema_dist": 0.08585384134084853,
    "auto_unstuck_wallet_exposure_threshold": 0.009108333913371777,
    "ddown_factor": 1.9353870088014697,
    "ema_span_0": 34.15578252032147,
    "ema_span_1": 611.9162371733737,
    "enabled": true,
    "initial_eprice_ema_dist": 0.011533334593977807,
    "initial_qty_pct": 0.1,
    "markup_range": 0.09600075924254532,
    "min_markup": 0.012336428988130685,
    "n_close_orders": 1,
    "rentry_pprice_dist": 0.005,
    "rentry_pprice_dist_wallet_exposure_weighting": 18.249363647584037,
    "wallet_exposure_limit": 0.19426867393541167
  },
  "short": {
    "auto_unstuck_ema_dist": 0.02941629706189583,
    "auto_unstuck_wallet_exposure_threshold": 0.03545903884606218,
    "ddown_factor": 1.4694034204402762,
    "ema_span_0": 28.604843367515073,
    "ema_span_1": 610.8492712364031,
    "enabled": true,
    "initial_eprice_ema_dist": -0.003602673572670376,
    "initial_qty_pct": 0.1,
    "markup_range": 0.04216789784981618,
    "min_markup": 0.005682063746459236,
    "n_close_orders": 1,
    "rentry_pprice_dist": 0.02759299118892196,
    "rentry_pprice_dist_wallet_exposure_weighting": 0.0,
    "wallet_exposure_limit": 0.16772966005330173
  }
}