{
  "config_name": "LRCUSDT long-0.000141808261094133 short-0.000766589764132984",
  "logging_level": 0,
  "long": {
    "auto_unstuck_ema_dist": 0.019972736399313032,
    "auto_unstuck_wallet_exposure_threshold": 0.06334680710360167,
    "ddown_factor": 2.670827183210662,
    "ema_span_0": 3.041361661392352,
    "ema_span_1": 738.3514491170467,
    "enabled": true,
    "initial_eprice_ema_dist": 0.008709429312417749,
    "initial_qty_pct": 0.011247321481860027,
    "markup_range": 0.03742927865524914,
    "min_markup": 0.005879340211748848,
    "n_close_orders": 4,
    "rentry_pprice_dist": 0.073369006181576,
    "rentry_pprice_dist_wallet_exposure_weighting": 45.63687046600591,
    "wallet_exposure_limit": 0.17891234591074884
  },
  "short": {
    "auto_unstuck_ema_dist": 0.0014099910508350577,
    "auto_unstuck_wallet_exposure_threshold": 0.01761472473127824,
    "ddown_factor": 2.895402156637273,
    "ema_span_0": 56.430481997574795,
    "ema_span_1": 1344.9189968541423,
    "enabled": true,
    "initial_eprice_ema_dist": -0.01044144473663478,
    "initial_qty_pct": 0.016372264970189628,
    "markup_range": 0.018818021529889584,
    "min_markup": 0.0448236628982906,
    "n_close_orders": 20,
    "rentry_pprice_dist": 0.005881592179945495,
    "rentry_pprice_dist_wallet_exposure_weighting": 13.1977489022119,
    "wallet_exposure_limit": 0.10989905333291622
  }
}