{
  "config_name": "LTCUSDT long--0.00036393947499816 short-0.000548598172287043",
  "logging_level": 0,
  "long": {
    "auto_unstuck_ema_dist": -0.057354791004132995,
    "auto_unstuck_wallet_exposure_threshold": 0.032254056141163244,
    "ddown_factor": 0.47067929476311565,
    "ema_span_0": 48.91740465136331,
    "ema_span_1": 495.55134716853183,
    "enabled": false,
    "initial_eprice_ema_dist": 0.0038058448853127017,
    "initial_qty_pct": 0.1,
    "markup_range": 0.07779537418924524,
    "min_markup": 0.007006108643994202,
    "n_close_orders": 1,
    "rentry_pprice_dist": 0.005,
    "rentry_pprice_dist_wallet_exposure_weighting": 6.612424451562291,
    "wallet_exposure_limit": 0.10255323706265265
  },
  "short": {
    "auto_unstuck_ema_dist": 0.06246658506796028,
    "auto_unstuck_wallet_exposure_threshold": 0.0011298671215124213,
    "ddown_factor": 0.19080829221741702,
    "ema_span_0": 26.690703683041594,
    "ema_span_1": 1269.2282500497931,
    "enabled": true,
    "initial_eprice_ema_dist": -0.00038050435111527253,
    "initial_qty_pct": 0.1,
    "markup_range": 0.08572178657277113,
    "min_markup": 0.001995686024979274,
    "n_close_orders": 2,
    "rentry_pprice_dist": 0.3608569238892766,
    "rentry_pprice_dist_wallet_exposure_weighting": 60.97552294758829,
    "wallet_exposure_limit": 0.13494627684830224
  }
}