{
  "config_name": "LTCUSDT long-0.000205057599140666 short-0.00028630321826529",
  "logging_level": 0,
  "long": {
    "auto_unstuck_ema_dist": 0.014278185076006783,
    "auto_unstuck_wallet_exposure_threshold": 0.03514770480208802,
    "ddown_factor": 2.390242814488853,
    "ema_span_0": 38.66941533027355,
    "ema_span_1": 121.27647390308618,
    "enabled": true,
    "initial_eprice_ema_dist": 0.009029194430456508,
    "initial_qty_pct": 0.010712788478490307,
    "markup_range": 0.01434049049318244,
    "min_markup": 0.0053010761742867995,
    "n_close_orders": 11,
    "rentry_pprice_dist": 0.00790816624499502,
    "rentry_pprice_dist_wallet_exposure_weighting": 30.95210974130961,
    "wallet_exposure_limit": 0.15335511909197064
  },
  "short": {
    "auto_unstuck_ema_dist": 0.00269201414826406,
    "auto_unstuck_wallet_exposure_threshold": 0.027251237354747156,
    "ddown_factor": 2.053278310086199,
    "ema_span_0": 15.63537162436641,
    "ema_span_1": 439.7659429123288,
    "enabled": true,
    "initial_eprice_ema_dist": -0.052458028141103334,
    "initial_qty_pct": 0.01893374472224077,
    "markup_range": 0.013929432101166355,
    "min_markup": 0.012736278234908735,
    "n_close_orders": 13,
    "rentry_pprice_dist": 0.005,
    "rentry_pprice_dist_wallet_exposure_weighting": 2.5957572711086057,
    "wallet_exposure_limit": 0.13599173652008606
  }
}