{
  "config_name": "LUNAUSDT long-0.0235457477093006 short-0.00332942724999999",
  "logging_level": 0,
  "long": {
    "auto_unstuck_ema_dist": 0.045787669776109624,
    "auto_unstuck_wallet_exposure_threshold": 0.004580613832637086,
    "ddown_factor": 0.6836824175599727,
    "ema_span_0": 2.136315350608371,
    "ema_span_1": 260.0379041290165,
    "enabled": true,
    "initial_eprice_ema_dist": 0.00511326257219201,
    "initial_qty_pct": 0.1,
    "markup_range": 0.061279635460253695,
    "min_markup": 0.013894450944280524,
    "n_close_orders": 2,
    "rentry_pprice_dist": 0.40566502013037664,
    "rentry_pprice_dist_wallet_exposure_weighting": 49.09086306006214,
    "wallet_exposure_limit": 0.14405785736812532
  },
  "short": {
    "auto_unstuck_ema_dist": -0.06779069092501555,
    "auto_unstuck_wallet_exposure_threshold": 0.01950813008282646,
    "ddown_factor": 1.5742274887676229,
    "ema_span_0": 4.506864410683981,
    "ema_span_1": 111.05631012794765,
    "enabled": true,
    "initial_eprice_ema_dist": -0.06363269207169947,
    "initial_qty_pct": 0.1,
    "markup_range": 0.02221012736715508,
    "min_markup": 0.0649642021132528,
    "n_close_orders": 1,
    "rentry_pprice_dist": 0.49716896455225607,
    "rentry_pprice_dist_wallet_exposure_weighting": 29.0498558997539,
    "wallet_exposure_limit": 0.15318837234143262
  }
}