{
  "config_name": "MANAUSDT long-0.000628074160148637 short-0.000425926887437339",
  "logging_level": 0,
  "long": {
    "auto_unstuck_ema_dist": -0.032906671836698556,
    "auto_unstuck_wallet_exposure_threshold": 0.009993900450992563,
    "ddown_factor": 2.280475069538801,
    "ema_span_0": 47.99510623515557,
    "ema_span_1": 124.20309672059145,
    "enabled": true,
    "initial_eprice_ema_dist": 0.006212029548664595,
    "initial_qty_pct": 0.1,
    "markup_range": 0.09424761876326615,
    "min_markup": 0.001,
    "n_close_orders": 1,
    "rentry_pprice_dist": 0.2269836524069375,
    "rentry_pprice_dist_wallet_exposure_weighting": 57.80364136031437,
    "wallet_exposure_limit": 0.19592550256045996
  },
  "short": {
    "auto_unstuck_ema_dist": 0.023608220773690444,
    "auto_unstuck_wallet_exposure_threshold": 0.014923156007798373,
    "ddown_factor": 0.4243194301679435,
    "ema_span_0": 33.7467522051926,
    "ema_span_1": 997.9612283408494,
    "enabled": true,
    "initial_eprice_ema_dist": 0.00582868761287661,
    "initial_qty_pct": 0.1,
    "markup_range": 0.07291852772187345,
    "min_markup": 0.018087095886250803,
    "n_close_orders": 1,
    "rentry_pprice_dist": 0.18837231184348802,
    "rentry_pprice_dist_wallet_exposure_weighting": 41.03828683592077,
    "wallet_exposure_limit": 0.1541904063098017
  }
}