{
  "config_name": "MANAUSDT long--0.0017913418872499 short-0.00434337423311456",
  "logging_level": 0,
  "long": {
    "auto_unstuck_ema_dist": 0.005929717355516367,
    "auto_unstuck_wallet_exposure_threshold": 0.331803383679496,
    "ddown_factor": 2.5044111868047954,
    "ema_span_0": 37.839334016584196,
    "ema_span_1": 60.0,
    "enabled": false,
    "initial_eprice_ema_dist": -0.002585417350650909,
    "initial_qty_pct": 0.01999336476160897,
    "markup_range": 0.011203907691493802,
    "min_markup": 0.014365846455743984,
    "n_close_orders": 12,
    "rentry_pprice_dist": 0.0357402697628698,
    "rentry_pprice_dist_wallet_exposure_weighting": 21.6257917622628,
    "wallet_exposure_limit": 0.1
  },
  "short": {
    "auto_unstuck_ema_dist": 0.006706051663527701,
    "auto_unstuck_wallet_exposure_threshold": 0.3933831811619892,
    "ddown_factor": 2.538942815391398,
    "ema_span_0": 7.974184718289933,
    "ema_span_1": 1399.5598931240313,
    "enabled": true,
    "initial_eprice_ema_dist": -0.014342429322121056,
    "initial_qty_pct": 0.012802640010132947,
    "markup_range": 0.05571079771373943,
    "min_markup": 0.04033854632551191,
    "n_close_orders": 13,
    "rentry_pprice_dist": 0.024638680953728405,
    "rentry_pprice_dist_wallet_exposure_weighting": 89.52051442643733,
    "wallet_exposure_limit": 0.1
  }
}