{
  "config_name": "MASKUSDT long-0.00283208531604536 short-0.000554170147439846",
  "logging_level": 0,
  "long": {
    "auto_unstuck_ema_dist": 0.0,
    "auto_unstuck_wallet_exposure_threshold": 0.12382141379832458,
    "ddown_factor": 2.186595101670294,
    "ema_span_0": 47.16222385583659,
    "ema_span_1": 553.9459211948113,
    "enabled": true,
    "initial_eprice_ema_dist": 0.006688366781372369,
    "initial_qty_pct": 0.11458824431809785,
    "markup_range": 0.006034261774867081,
    "min_markup": 0.03294434614478678,
    "n_close_orders": 2,
    "rentry_pprice_dist": 0.015543764917153313,
    "rentry_pprice_dist_wallet_exposure_weighting": 2.0172005411744776,
    "wallet_exposure_limit": 0.18536258037904155
  },
  "short": {
    "auto_unstuck_ema_dist": 0.0,
    "auto_unstuck_wallet_exposure_threshold": 0.17914841320097902,
    "ddown_factor": 0.947921407163817,
    "ema_span_0": 38.16783638788381,
    "ema_span_1": 60.0,
    "enabled": true,
    "initial_eprice_ema_dist": 0.00037605001360603856,
    "initial_qty_pct": 0.12181018130647332,
    "markup_range": 0.04011199553366233,
    "min_markup": 0.004363626480405856,
    "n_close_orders": 2,
    "rentry_pprice_dist": 0.005,
    "rentry_pprice_dist_wallet_exposure_weighting": 1.8507264456306087,
    "wallet_exposure_limit": 0.1705194094143322
  }
}