{
  "config_name": "MATICUSDT long-0.000794875350330265 short-0.000786961089993821",
  "logging_level": 0,
  "long": {
    "auto_unstuck_ema_dist": 0.0761919626601952,
    "auto_unstuck_wallet_exposure_threshold": 0.013701660629138123,
    "ddown_factor": 2.6339554226288215,
    "ema_span_0": 52.41718814859291,
    "ema_span_1": 203.75196810263623,
    "enabled": true,
    "initial_eprice_ema_dist": 0.00612442933988683,
    "initial_qty_pct": 0.1,
    "markup_range": 0.04731664363914512,
    "min_markup": 0.001,
    "n_close_orders": 1,
    "rentry_pprice_dist": 0.012727667242578091,
    "rentry_pprice_dist_wallet_exposure_weighting": 0.26991828874125257,
    "wallet_exposure_limit": 0.2
  },
  "short": {
    "auto_unstuck_ema_dist": -0.0512846601745748,
    "auto_unstuck_wallet_exposure_threshold": 0.0019038643263890342,
    "ddown_factor": 2.3981217223888227,
    "ema_span_0": 14.277873675851318,
    "ema_span_1": 527.7849456473319,
    "enabled": true,
    "initial_eprice_ema_dist": -0.013242038961290363,
    "initial_qty_pct": 0.1,
    "markup_range": 0.0101745607770092,
    "min_markup": 0.001,
    "n_close_orders": 2,
    "rentry_pprice_dist": 0.005,
    "rentry_pprice_dist_wallet_exposure_weighting": 3.3358325555941457,
    "wallet_exposure_limit": 0.12478363447047294
  }
}