{
  "config_name": "MATICUSDT long--0.00145981068848348 short-0.00338181295820683",
  "logging_level": 0,
  "long": {
    "auto_unstuck_ema_dist": 0.0076653517937822074,
    "auto_unstuck_wallet_exposure_threshold": 0.6703353581438205,
    "ddown_factor": 1.1082557639598172,
    "ema_span_0": 51.86741282578348,
    "ema_span_1": 1390.8253252020013,
    "enabled": false,
    "initial_eprice_ema_dist": 0.0,
    "initial_qty_pct": 0.029086823007575775,
    "markup_range": 0.056240550361003186,
    "min_markup": 0.01551021283860352,
    "n_close_orders": 7,
    "rentry_pprice_dist": 0.0185239613165182,
    "rentry_pprice_dist_wallet_exposure_weighting": 2.3928149020359997,
    "wallet_exposure_limit": 0.1
  },
  "short": {
    "auto_unstuck_ema_dist": 0.06862441453637719,
    "auto_unstuck_wallet_exposure_threshold": 0.03065745746591734,
    "ddown_factor": 2.956205276684032,
    "ema_span_0": 46.64532621446298,
    "ema_span_1": 471.2427582615085,
    "enabled": true,
    "initial_eprice_ema_dist": -0.013116006170147073,
    "initial_qty_pct": 0.024869742631618622,
    "markup_range": 0.05623239556525836,
    "min_markup": 0.01757092134410915,
    "n_close_orders": 5,
    "rentry_pprice_dist": 0.00826318970809138,
    "rentry_pprice_dist_wallet_exposure_weighting": 0.0,
    "wallet_exposure_limit": 0.1
  }
}