{
  "config_name": "NEARUSDT long-0.00864855958080791 short--0.400515749681059",
  "logging_level": 0,
  "long": {
    "auto_unstuck_ema_dist": 0.034007081011279305,
    "auto_unstuck_wallet_exposure_threshold": 0.04631080979098917,
    "ddown_factor": 1.9634764620548444,
    "ema_span_0": 53.30524857402285,
    "ema_span_1": 348.718993225496,
    "enabled": true,
    "initial_eprice_ema_dist": 0.013359343688328001,
    "initial_qty_pct": 0.1,
    "markup_range": 0.0800497786286896,
    "min_markup": 0.046500141276686266,
    "n_close_orders": 1,
    "rentry_pprice_dist": 0.12066976772341334,
    "rentry_pprice_dist_wallet_exposure_weighting": 23.87233822418625,
    "wallet_exposure_limit": 0.16345876127511574
  },
  "short": {
    "auto_unstuck_ema_dist": -0.0027258595317793755,
    "auto_unstuck_wallet_exposure_threshold": 0.009671761971775269,
    "ddown_factor": 1.9535475114613907,
    "ema_span_0": 37.971420617681176,
    "ema_span_1": 60.0,
    "enabled": false,
    "initial_eprice_ema_dist": 0.0030206733540175798,
    "initial_qty_pct": 0.1,
    "markup_range": 0.06866332708029771,
    "min_markup": 0.021186043655720205,
    "n_close_orders": 1,
    "rentry_pprice_dist": 0.08806600315463775,
    "rentry_pprice_dist_wallet_exposure_weighting": 47.34342693686743,
    "wallet_exposure_limit": 0.11996453652100396
  }
}