{
  "config_name": "NEARUSDT long-0.000812770086564559 short--0.000371274438538672",
  "logging_level": 0,
  "long": {
    "auto_unstuck_ema_dist": 0.009894298189327327,
    "auto_unstuck_wallet_exposure_threshold": 0.006069044918601228,
    "ddown_factor": 1.6593192197562403,
    "ema_span_0": 59.50795885052969,
    "ema_span_1": 201.4363998830005,
    "enabled": true,
    "initial_eprice_ema_dist": 0.001130933945501116,
    "initial_qty_pct": 0.011468042032405238,
    "markup_range": 0.022545570559004243,
    "min_markup": 0.03925905342394533,
    "n_close_orders": 3,
    "rentry_pprice_dist": 0.005,
    "rentry_pprice_dist_wallet_exposure_weighting": 3.000237517319153,
    "wallet_exposure_limit": 0.14209645137568974
  },
  "short": {
    "auto_unstuck_ema_dist": 0.04816069243254135,
    "auto_unstuck_wallet_exposure_threshold": 0.08213635331146876,
    "ddown_factor": 0.41722327750975474,
    "ema_span_0": 56.313273292063954,
    "ema_span_1": 908.6311828109172,
    "enabled": false,
    "initial_eprice_ema_dist": -0.0053451300774475935,
    "initial_qty_pct": 0.011498292500364191,
    "markup_range": 0.015293907612073382,
    "min_markup": 0.008581282841769244,
    "n_close_orders": 4,
    "rentry_pprice_dist": 0.04165056858710381,
    "rentry_pprice_dist_wallet_exposure_weighting": 19.86783467556032,
    "wallet_exposure_limit": 0.1754175635729671
  }
}