{
  "config_name": "NKNUSDT long-0.00225542983323498 short--0.00571424537246576",
  "logging_level": 0,
  "long": {
    "auto_unstuck_ema_dist": 0.025241118417692304,
    "auto_unstuck_wallet_exposure_threshold": 0.1918964756524181,
    "ddown_factor": 1.7038021893143398,
    "ema_span_0": 29.945143906913664,
    "ema_span_1": 417.4879418699194,
    "enabled": true,
    "initial_eprice_ema_dist": -0.006646468414512737,
    "initial_qty_pct": 0.1559555840657287,
    "markup_range": 0.014030102457903815,
    "min_markup": 0.0339378986853714,
    "n_close_orders": 2,
    "rentry_pprice_dist": 0.005,
    "rentry_pprice_dist_wallet_exposure_weighting": 25.56974109547219,
    "wallet_exposure_limit": 0.2
  },
  "short": {
    "auto_unstuck_ema_dist": 0.0,
    "auto_unstuck_wallet_exposure_threshold": 0.06944057556981315,
    "ddown_factor": 0.5844748413530868,
    "ema_span_0": 17.53526161369719,
    "ema_span_1": 60.0,
    "enabled": true,
    "initial_eprice_ema_dist": -0.0034062918198567793,
    "initial_qty_pct": 0.1844593908692934,
    "markup_range": 0.01276252622764512,
    "min_markup": 0.001,
    "n_close_orders": 2,
    "rentry_pprice_dist": 0.005,
    "rentry_pprice_dist_wallet_exposure_weighting": 1.5299239673342804,
    "wallet_exposure_limit": 0.18657361513488466
  }
}