{
  "config_name": "OCEANUSDT long-0.00106346885416692 short-0.0018494221326",
  "logging_level": 0,
  "long": {
    "auto_unstuck_ema_dist": 0.4965316605364743,
    "auto_unstuck_wallet_exposure_threshold": 0.011326965061091853,
    "ddown_factor": 2.6084894869634008,
    "ema_span_0": 22.569055520608405,
    "ema_span_1": 430.91605847037886,
    "enabled": true,
    "initial_eprice_ema_dist": 0.002108866900165691,
    "initial_qty_pct": 0.012205095670784857,
    "markup_range": 0.08983610062927073,
    "min_markup": 0.038287247835750327,
    "n_close_orders": 10,
    "rentry_pprice_dist": 0.07603412011838823,
    "rentry_pprice_dist_wallet_exposure_weighting": 0.0,
    "wallet_exposure_limit": 0.19947328165965464
  },
  "short": {
    "auto_unstuck_ema_dist": 0.008452690902815417,
    "auto_unstuck_wallet_exposure_threshold": 0.025471110966409093,
    "ddown_factor": 0.49460337435063834,
    "ema_span_0": 26.887412721443276,
    "ema_span_1": 505.31048164098985,
    "enabled": true,
    "initial_eprice_ema_dist": -0.008687513400285275,
    "initial_qty_pct": 0.01983697498166514,
    "markup_range": 0.04269210859580436,
    "min_markup": 0.0012762176229222208,
    "n_close_orders": 12,
    "rentry_pprice_dist": 0.013735269086700856,
    "rentry_pprice_dist_wallet_exposure_weighting": 3.0790510437505536,
    "wallet_exposure_limit": 0.1130241504189298
  }
}