{
  "config_name": "ONEUSDT long-0.00143895468424053 short-0.00040403014624138",
  "logging_level": 0,
  "long": {
    "auto_unstuck_ema_dist": -0.00887118651789381,
    "auto_unstuck_wallet_exposure_threshold": 0.030805304720356433,
    "ddown_factor": 1.3413600997054425,
    "ema_span_0": 46.99440621505886,
    "ema_span_1": 60.0,
    "enabled": true,
    "initial_eprice_ema_dist": 0.017727184828093535,
    "initial_qty_pct": 0.1,
    "markup_range": 0.07046089207380718,
    "min_markup": 0.015049284246083844,
    "n_close_orders": 2,
    "rentry_pprice_dist": 0.005,
    "rentry_pprice_dist_wallet_exposure_weighting": 0.0,
    "wallet_exposure_limit": 0.19759029736197126
  },
  "short": {
    "auto_unstuck_ema_dist": -0.09058722624649651,
    "auto_unstuck_wallet_exposure_threshold": 0.008807297176606383,
    "ddown_factor": 0.58312659535213,
    "ema_span_0": 42.49350096727259,
    "ema_span_1": 993.0473770160762,
    "enabled": true,
    "initial_eprice_ema_dist": -0.0208448487389991,
    "initial_qty_pct": 0.1,
    "markup_range": 0.001,
    "min_markup": 0.0059586660819740695,
    "n_close_orders": 1,
    "rentry_pprice_dist": 0.03251156172766194,
    "rentry_pprice_dist_wallet_exposure_weighting": 0.7581685938734052,
    "wallet_exposure_limit": 0.18398952430669194
  }
}