{
  "config_name": "ONEUSDT long-0.000637225497120334 short-0.000257667860048256",
  "logging_level": 0,
  "long": {
    "auto_unstuck_ema_dist": 0.0,
    "auto_unstuck_wallet_exposure_threshold": 0.022372768415778954,
    "ddown_factor": 2.3321677687917157,
    "ema_span_0": 55.059352371226225,
    "ema_span_1": 480.4261526395778,
    "enabled": true,
    "initial_eprice_ema_dist": -0.012024800333823797,
    "initial_qty_pct": 0.1,
    "markup_range": 0.010199650207784693,
    "min_markup": 0.02248311003348757,
    "n_close_orders": 2,
    "rentry_pprice_dist": 0.02042837451667059,
    "rentry_pprice_dist_wallet_exposure_weighting": 4.1005443564437325,
    "wallet_exposure_limit": 0.1
  },
  "short": {
    "auto_unstuck_ema_dist": 0.0,
    "auto_unstuck_wallet_exposure_threshold": 0.007730104845464792,
    "ddown_factor": 2.759814391899011,
    "ema_span_0": 57.318976481430965,
    "ema_span_1": 202.78022220844804,
    "enabled": true,
    "initial_eprice_ema_dist": 0.0008709779382710531,
    "initial_qty_pct": 0.1,
    "markup_range": 0.005801609611219812,
    "min_markup": 0.006139342425464543,
    "n_close_orders": 2,
    "rentry_pprice_dist": 0.014486010033436816,
    "rentry_pprice_dist_wallet_exposure_weighting": 3.957962610929131,
    "wallet_exposure_limit": 0.1
  }
}