{
  "config_name": "PEOPLEUSDT long-0.000651418831703624 short-0.000634000556311492",
  "logging_level": 0,
  "long": {
    "auto_unstuck_ema_dist": -0.017549695683711383,
    "auto_unstuck_wallet_exposure_threshold": 0.0206159182845701,
    "ddown_factor": 2.4492740622012694,
    "ema_span_0": 33.44831517670476,
    "ema_span_1": 305.8801947132524,
    "enabled": true,
    "initial_eprice_ema_dist": 0.009757794032039366,
    "initial_qty_pct": 0.1,
    "markup_range": 0.049957765356771856,
    "min_markup": 0.022508583499337622,
    "n_close_orders": 1,
    "rentry_pprice_dist": 0.02479140253715184,
    "rentry_pprice_dist_wallet_exposure_weighting": 0.6544931023232601,
    "wallet_exposure_limit": 0.12298044486591578
  },
  "short": {
    "auto_unstuck_ema_dist": 0.05185966395082253,
    "auto_unstuck_wallet_exposure_threshold": 0.021831068325136666,
    "ddown_factor": 1.2163201527860625,
    "ema_span_0": 14.728558246297553,
    "ema_span_1": 263.90468032260947,
    "enabled": true,
    "initial_eprice_ema_dist": 0.005779248571601794,
    "initial_qty_pct": 0.1,
    "markup_range": 0.02147408966655238,
    "min_markup": 0.0045884160989495965,
    "n_close_orders": 1,
    "rentry_pprice_dist": 0.3012697298439279,
    "rentry_pprice_dist_wallet_exposure_weighting": 75.40439539055656,
    "wallet_exposure_limit": 0.16735505261308198
  }
}