{
  "config_name": "QTUMUSDT long-0.000869739977670259 short-0.000443171512318948",
  "logging_level": 0,
  "long": {
    "auto_unstuck_ema_dist": 0.0,
    "auto_unstuck_wallet_exposure_threshold": 0.11971648487363812,
    "ddown_factor": 2.806167139902558,
    "ema_span_0": 51.9907985704438,
    "ema_span_1": 743.541309393702,
    "enabled": true,
    "initial_eprice_ema_dist": 0.005989675177075332,
    "initial_qty_pct": 0.15207835540649053,
    "markup_range": 0.025738773343286753,
    "min_markup": 0.008181715321706258,
    "n_close_orders": 2,
    "rentry_pprice_dist": 0.005,
    "rentry_pprice_dist_wallet_exposure_weighting": 26.049492264594285,
    "wallet_exposure_limit": 0.19430492521174764
  },
  "short": {
    "auto_unstuck_ema_dist": 0.323101362726476,
    "auto_unstuck_wallet_exposure_threshold": 0.1750634365857786,
    "ddown_factor": 0.9275918465785498,
    "ema_span_0": 12.077018010318461,
    "ema_span_1": 388.54518221175346,
    "enabled": true,
    "initial_eprice_ema_dist": 0.002601027873808082,
    "initial_qty_pct": 0.14909219996942117,
    "markup_range": 0.02232828494193661,
    "min_markup": 0.001873077952224779,
    "n_close_orders": 2,
    "rentry_pprice_dist": 0.005,
    "rentry_pprice_dist_wallet_exposure_weighting": 24.348336811479914,
    "wallet_exposure_limit": 0.19868596426932172
  }
}