{
  "config_name": "RENUSDT long-0.00611677703799671 short--0.00497443694754093",
  "logging_level": 0,
  "long": {
    "auto_unstuck_ema_dist": 0.027493174679780342,
    "auto_unstuck_wallet_exposure_threshold": 0.005936303062059445,
    "ddown_factor": 2.637600758637792,
    "ema_span_0": 38.06391050476848,
    "ema_span_1": 253.5716585704043,
    "enabled": true,
    "initial_eprice_ema_dist": 0.01,
    "initial_qty_pct": 0.013488071679023588,
    "markup_range": 0.09524725237395808,
    "min_markup": 0.00913772968103416,
    "n_close_orders": 5,
    "rentry_pprice_dist": 0.008003159850564405,
    "rentry_pprice_dist_wallet_exposure_weighting": 1.3445746920746173,
    "wallet_exposure_limit": 0.19965704036792203
  },
  "short": {
    "auto_unstuck_ema_dist": -0.011242385829861796,
    "auto_unstuck_wallet_exposure_threshold": 0.0441457359451595,
    "ddown_factor": 0.28032235754874646,
    "ema_span_0": 36.11282447239465,
    "ema_span_1": 116.64325383502296,
    "enabled": false,
    "initial_eprice_ema_dist": -0.005601022933606101,
    "initial_qty_pct": 0.01323506180616224,
    "markup_range": 0.005856051708886377,
    "min_markup": 0.001,
    "n_close_orders": 20,
    "rentry_pprice_dist": 0.005,
    "rentry_pprice_dist_wallet_exposure_weighting": 0.0,
    "wallet_exposure_limit": 0.17218505587998414
  }
}