{
  "config_name": "RLCUSDT long-0.00272211300020352 short--0.00140154910796134",
  "logging_level": 0,
  "long": {
    "auto_unstuck_ema_dist": 0.014842957372728355,
    "auto_unstuck_wallet_exposure_threshold": 0.03457434035611028,
    "ddown_factor": 1.0678922435730704,
    "ema_span_0": 26.534994087880705,
    "ema_span_1": 100.67010180328117,
    "enabled": true,
    "initial_eprice_ema_dist": 0.01,
    "initial_qty_pct": 0.01079191478534825,
    "markup_range": 0.06516724678705663,
    "min_markup": 0.012196401965504935,
    "n_close_orders": 8,
    "rentry_pprice_dist": 0.005,
    "rentry_pprice_dist_wallet_exposure_weighting": 34.26176062526634,
    "wallet_exposure_limit": 0.1927537408117493
  },
  "short": {
    "auto_unstuck_ema_dist": -0.03545779668907822,
    "auto_unstuck_wallet_exposure_threshold": 0.04216740999495137,
    "ddown_factor": 1.26472113289658,
    "ema_span_0": 46.659040007540845,
    "ema_span_1": 83.30062656403987,
    "enabled": false,
    "initial_eprice_ema_dist": -0.009523944929816534,
    "initial_qty_pct": 0.01639879100865727,
    "markup_range": 0.009467194367193297,
    "min_markup": 0.001,
    "n_close_orders": 14,
    "rentry_pprice_dist": 0.005,
    "rentry_pprice_dist_wallet_exposure_weighting": 0.0,
    "wallet_exposure_limit": 0.16063051430991307
  }
}