{
  "config_name": "RSRUSDT long-0.00223947742649255 short--0.000753868950255435",
  "logging_level": 0,
  "long": {
    "auto_unstuck_ema_dist": 0.0150042667378297,
    "auto_unstuck_wallet_exposure_threshold": 0.005340283021600235,
    "ddown_factor": 0.44927611461212846,
    "ema_span_0": 2.591323164680852,
    "ema_span_1": 558.845556718191,
    "enabled": true,
    "initial_eprice_ema_dist": -0.02535878947974808,
    "initial_qty_pct": 0.01685340203917312,
    "markup_range": 0.016607237482024046,
    "min_markup": 0.024013360659729716,
    "n_close_orders": 9,
    "rentry_pprice_dist": 0.005,
    "rentry_pprice_dist_wallet_exposure_weighting": 0.0,
    "wallet_exposure_limit": 0.19635750762117005
  },
  "short": {
    "auto_unstuck_ema_dist": 0.0,
    "auto_unstuck_wallet_exposure_threshold": 0.04542428171252409,
    "ddown_factor": 1.2494152651777846,
    "ema_span_0": 39.075398373593764,
    "ema_span_1": 158.96763236242916,
    "enabled": false,
    "initial_eprice_ema_dist": 0.0006839836762528729,
    "initial_qty_pct": 0.016642769870398474,
    "markup_range": 0.012323509132888823,
    "min_markup": 0.0039104209925302945,
    "n_close_orders": 10,
    "rentry_pprice_dist": 0.0050913421431699815,
    "rentry_pprice_dist_wallet_exposure_weighting": 0.0,
    "wallet_exposure_limit": 0.16426010354847698
  }
}