{
  "config_name": "RUNEUSDT long-0.00228270894219784 short--0.00202474873583651",
  "logging_level": 0,
  "long": {
    "auto_unstuck_ema_dist": 0.0,
    "auto_unstuck_wallet_exposure_threshold": 0.03756386670635048,
    "ddown_factor": 1.5280192054331823,
    "ema_span_0": 44.413151303051464,
    "ema_span_1": 287.7975143817931,
    "enabled": true,
    "initial_eprice_ema_dist": 0.01,
    "initial_qty_pct": 0.1,
    "markup_range": 0.016762516961879716,
    "min_markup": 0.010047924878030062,
    "n_close_orders": 2,
    "rentry_pprice_dist": 0.01758540592319612,
    "rentry_pprice_dist_wallet_exposure_weighting": 1.213267075631953,
    "wallet_exposure_limit": 0.1
  },
  "short": {
    "auto_unstuck_ema_dist": 0.0,
    "auto_unstuck_wallet_exposure_threshold": 0.03747465266798415,
    "ddown_factor": 2.3701998971178218,
    "ema_span_0": 57.00569074331218,
    "ema_span_1": 60.0,
    "enabled": true,
    "initial_eprice_ema_dist": 0.0021631489981410387,
    "initial_qty_pct": 0.1,
    "markup_range": 0.02255981185183682,
    "min_markup": 0.003241473926825425,
    "n_close_orders": 2,
    "rentry_pprice_dist": 0.011283082964827922,
    "rentry_pprice_dist_wallet_exposure_weighting": 0.6258651034567284,
    "wallet_exposure_limit": 0.1
  }
}