{
  "config_name": "RVNUSDT long-0.00179391683477288 short--0.00201744510270258",
  "logging_level": 0,
  "long": {
    "auto_unstuck_ema_dist": 0.013519270507696825,
    "auto_unstuck_wallet_exposure_threshold": 0.3860550311270464,
    "ddown_factor": 2.8671435010756334,
    "ema_span_0": 24.82674323655217,
    "ema_span_1": 1147.586237858034,
    "enabled": true,
    "initial_eprice_ema_dist": -0.004482107285497357,
    "initial_qty_pct": 0.12372487022198352,
    "markup_range": 0.012615377465547431,
    "min_markup": 0.00855274118809238,
    "n_close_orders": 2,
    "rentry_pprice_dist": 0.005,
    "rentry_pprice_dist_wallet_exposure_weighting": 15.562969596607124,
    "wallet_exposure_limit": 0.19796168837926714
  },
  "short": {
    "auto_unstuck_ema_dist": 0.0,
    "auto_unstuck_wallet_exposure_threshold": 0.047544571780879646,
    "ddown_factor": 0.33744080750172756,
    "ema_span_0": 32.7563842545778,
    "ema_span_1": 60.0,
    "enabled": true,
    "initial_eprice_ema_dist": -0.0023704166427111865,
    "initial_qty_pct": 0.18244556740777303,
    "markup_range": 0.001,
    "min_markup": 0.001,
    "n_close_orders": 2,
    "rentry_pprice_dist": 0.005,
    "rentry_pprice_dist_wallet_exposure_weighting": 1.79460072339927,
    "wallet_exposure_limit": 0.18347618675564564
  }
}