{
  "config_name": "SANDUSDT long-0.00182706795192969 short-0.000991635598393922",
  "logging_level": 0,
  "long": {
    "auto_unstuck_ema_dist": -0.0076409358569532754,
    "auto_unstuck_wallet_exposure_threshold": 0.047057126207456904,
    "ddown_factor": 2.4273997236964147,
    "ema_span_0": 55.84709846870041,
    "ema_span_1": 202.82471615562824,
    "enabled": true,
    "initial_eprice_ema_dist": 0.011867833842244557,
    "initial_qty_pct": 0.1,
    "markup_range": 0.08919376365531338,
    "min_markup": 0.004971542474444893,
    "n_close_orders": 2,
    "rentry_pprice_dist": 0.005,
    "rentry_pprice_dist_wallet_exposure_weighting": 3.171352726425012,
    "wallet_exposure_limit": 0.19269717416292917
  },
  "short": {
    "auto_unstuck_ema_dist": -0.0034677983166630302,
    "auto_unstuck_wallet_exposure_threshold": 0.03232657609923938,
    "ddown_factor": 1.6764116238909121,
    "ema_span_0": 45.4507447253563,
    "ema_span_1": 1180.0540788807314,
    "enabled": true,
    "initial_eprice_ema_dist": -0.027264247986365613,
    "initial_qty_pct": 0.1,
    "markup_range": 0.08009034590067032,
    "min_markup": 0.01992506529604746,
    "n_close_orders": 1,
    "rentry_pprice_dist": 0.010471072956970466,
    "rentry_pprice_dist_wallet_exposure_weighting": 0.5797026035281421,
    "wallet_exposure_limit": 0.137910432192471
  }
}