{
  "config_name": "SANDUSDT long--0.000228826383654142 short-0.00403287252058352",
  "logging_level": 0,
  "long": {
    "auto_unstuck_ema_dist": 0.013733890431206198,
    "auto_unstuck_wallet_exposure_threshold": 0.6592737263423555,
    "ddown_factor": 2.572984317580688,
    "ema_span_0": 37.14260007011629,
    "ema_span_1": 60.0,
    "enabled": false,
    "initial_eprice_ema_dist": 0.0,
    "initial_qty_pct": 0.018679617846399578,
    "markup_range": 0.04780023937532467,
    "min_markup": 0.01288073924838891,
    "n_close_orders": 4,
    "rentry_pprice_dist": 0.04437143105169725,
    "rentry_pprice_dist_wallet_exposure_weighting": 74.01423501035852,
    "wallet_exposure_limit": 0.1
  },
  "short": {
    "auto_unstuck_ema_dist": 0.0190144626652387,
    "auto_unstuck_wallet_exposure_threshold": 0.3281245434498772,
    "ddown_factor": 0.4587460155123309,
    "ema_span_0": 33.323107611569355,
    "ema_span_1": 733.46309430396,
    "enabled": true,
    "initial_eprice_ema_dist": -0.00866343414457664,
    "initial_qty_pct": 0.0447756288987309,
    "markup_range": 0.026334864274565183,
    "min_markup": 0.02833730897851217,
    "n_close_orders": 12,
    "rentry_pprice_dist": 0.00648814801892042,
    "rentry_pprice_dist_wallet_exposure_weighting": 1.9368976201157904,
    "wallet_exposure_limit": 0.1
  }
}