{
  "config_name": "SANDUSDT long-0.000771111893677437 short-0.000479285752827888",
  "logging_level": 0,
  "long": {
    "auto_unstuck_ema_dist": 0.0,
    "auto_unstuck_wallet_exposure_threshold": 0.08489116528199868,
    "ddown_factor": 0.7547262173608239,
    "ema_span_0": 57.29377864504403,
    "ema_span_1": 288.46719526815957,
    "enabled": true,
    "initial_eprice_ema_dist": 0.0,
    "initial_qty_pct": 0.18446526598396967,
    "markup_range": 0.008285726831521614,
    "min_markup": 0.007344780417833592,
    "n_close_orders": 2,
    "rentry_pprice_dist": 0.005,
    "rentry_pprice_dist_wallet_exposure_weighting": 2.7293777451012042,
    "wallet_exposure_limit": 0.1
  },
  "short": {
    "auto_unstuck_ema_dist": 0.0,
    "auto_unstuck_wallet_exposure_threshold": 0.09798451892983516,
    "ddown_factor": 1.8313810892317255,
    "ema_span_0": 31.432691431821716,
    "ema_span_1": 151.1825471856364,
    "enabled": true,
    "initial_eprice_ema_dist": -0.09279360628133851,
    "initial_qty_pct": 0.10533368108093326,
    "markup_range": 0.0027876109262984314,
    "min_markup": 0.0012431705156661324,
    "n_close_orders": 2,
    "rentry_pprice_dist": 0.006379867805504797,
    "rentry_pprice_dist_wallet_exposure_weighting": 1.114179060999714,
    "wallet_exposure_limit": 0.1
  }
}