{
  "config_name": "SFPUSDT long-0.0010433615686523 short--0.000397638027997556",
  "logging_level": 0,
  "long": {
    "auto_unstuck_ema_dist": 0.0,
    "auto_unstuck_wallet_exposure_threshold": 0.005505506060544796,
    "ddown_factor": 2.9976405212564616,
    "ema_span_0": 58.171555209836455,
    "ema_span_1": 1358.376133779148,
    "enabled": true,
    "initial_eprice_ema_dist": -0.0026229958978476863,
    "initial_qty_pct": 0.1,
    "markup_range": 0.015476461772263174,
    "min_markup": 0.025524751417034534,
    "n_close_orders": 2,
    "rentry_pprice_dist": 0.015198774745355484,
    "rentry_pprice_dist_wallet_exposure_weighting": 3.376782971895913,
    "wallet_exposure_limit": 0.1
  },
  "short": {
    "auto_unstuck_ema_dist": 0.0,
    "auto_unstuck_wallet_exposure_threshold": 0.024179065957238646,
    "ddown_factor": 2.4184221718262076,
    "ema_span_0": 51.30016220839514,
    "ema_span_1": 725.1821821022579,
    "enabled": true,
    "initial_eprice_ema_dist": -0.03855019381859369,
    "initial_qty_pct": 0.1,
    "markup_range": 0.0022231943396962134,
    "min_markup": 0.011527407150751949,
    "n_close_orders": 2,
    "rentry_pprice_dist": 0.01800842458019244,
    "rentry_pprice_dist_wallet_exposure_weighting": 0.624685880738326,
    "wallet_exposure_limit": 0.1
  }
}