{
  "config_name": "SNXUSDT long-0.00264757406872601 short--0.0423522293401684",
  "logging_level": 0,
  "long": {
    "auto_unstuck_ema_dist": -0.01550943282841349,
    "auto_unstuck_wallet_exposure_threshold": 0.009515904189793301,
    "ddown_factor": 0.23814066041229476,
    "ema_span_0": 41.98354566170252,
    "ema_span_1": 271.9609979864587,
    "enabled": true,
    "initial_eprice_ema_dist": 0.006226163461517346,
    "initial_qty_pct": 0.016418992414563897,
    "markup_range": 0.022108350882699294,
    "min_markup": 0.027400760063989917,
    "n_close_orders": 6,
    "rentry_pprice_dist": 0.005,
    "rentry_pprice_dist_wallet_exposure_weighting": 5.124949877822008,
    "wallet_exposure_limit": 0.16327311937235015
  },
  "short": {
    "auto_unstuck_ema_dist": -0.09487554774824808,
    "auto_unstuck_wallet_exposure_threshold": 0.008404992725658646,
    "ddown_factor": 1.0280508889127085,
    "ema_span_0": 7.859436103509873,
    "ema_span_1": 60.0,
    "enabled": false,
    "initial_eprice_ema_dist": -0.007580328623673166,
    "initial_qty_pct": 0.01,
    "markup_range": 0.009339052849091336,
    "min_markup": 0.001,
    "n_close_orders": 12,
    "rentry_pprice_dist": 0.005,
    "rentry_pprice_dist_wallet_exposure_weighting": 0.0,
    "wallet_exposure_limit": 0.18747733634795385
  }
}