{
  "config_name": "SOLUSDT long-0.0248196969462137 short--0.0331332530496877",
  "logging_level": 0,
  "long": {
    "auto_unstuck_ema_dist": 0.0757468918382683,
    "auto_unstuck_wallet_exposure_threshold": 0.02617425460236695,
    "ddown_factor": 3.0,
    "ema_span_0": 54.52694220193908,
    "ema_span_1": 165.48147545457516,
    "enabled": true,
    "initial_eprice_ema_dist": 0.015906919294654542,
    "initial_qty_pct": 0.1,
    "markup_range": 0.03501520642989931,
    "min_markup": 0.017265112534257877,
    "n_close_orders": 2,
    "rentry_pprice_dist": 0.2419417892959565,
    "rentry_pprice_dist_wallet_exposure_weighting": 79.2914905864904,
    "wallet_exposure_limit": 0.1182494266940864
  },
  "short": {
    "auto_unstuck_ema_dist": 0.003265539294208239,
    "auto_unstuck_wallet_exposure_threshold": 0.02021574130200959,
    "ddown_factor": 1.2936045539046348,
    "ema_span_0": 51.053624023787826,
    "ema_span_1": 60.0,
    "enabled": false,
    "initial_eprice_ema_dist": 0.0005252904195510192,
    "initial_qty_pct": 0.1,
    "markup_range": 0.04804503604762404,
    "min_markup": 0.03347687867022708,
    "n_close_orders": 2,
    "rentry_pprice_dist": 0.4558843091806157,
    "rentry_pprice_dist_wallet_exposure_weighting": 22.209989420140946,
    "wallet_exposure_limit": 0.1310315357526149
  }
}