{
  "config_name": "SRMUSDT long--0.000728803494827249 short-0.00068952620886989",
  "logging_level": 0,
  "long": {
    "auto_unstuck_ema_dist": 0.046270621119312905,
    "auto_unstuck_wallet_exposure_threshold": 0.020227123532108385,
    "ddown_factor": 2.504492866524578,
    "ema_span_0": 36.533834612539316,
    "ema_span_1": 167.52112667664622,
    "enabled": false,
    "initial_eprice_ema_dist": 0.01,
    "initial_qty_pct": 0.14864642804428934,
    "markup_range": 0.012160252656069553,
    "min_markup": 0.0076236020891363694,
    "n_close_orders": 2,
    "rentry_pprice_dist": 0.024316757852636293,
    "rentry_pprice_dist_wallet_exposure_weighting": 0.0,
    "wallet_exposure_limit": 0.17893202869900834
  },
  "short": {
    "auto_unstuck_ema_dist": 0.0,
    "auto_unstuck_wallet_exposure_threshold": 0.4829947874760874,
    "ddown_factor": 1.4737020346385201,
    "ema_span_0": 33.28230633206019,
    "ema_span_1": 298.8758910175368,
    "enabled": true,
    "initial_eprice_ema_dist": -0.0008377966506562745,
    "initial_qty_pct": 0.19241028123741784,
    "markup_range": 0.048198226643178896,
    "min_markup": 0.0015193046577433927,
    "n_close_orders": 2,
    "rentry_pprice_dist": 0.005,
    "rentry_pprice_dist_wallet_exposure_weighting": 22.904874195323977,
    "wallet_exposure_limit": 0.11213300921597093
  }
}