{
  "config_name": "STMXUSDT long-0.00315409205190778 short--0.0246550534719462",
  "logging_level": 0,
  "long": {
    "auto_unstuck_ema_dist": -0.02343993485220515,
    "auto_unstuck_wallet_exposure_threshold": 0.020443049001521878,
    "ddown_factor": 2.926205561574336,
    "ema_span_0": 43.73931476832327,
    "ema_span_1": 858.851240403291,
    "enabled": true,
    "initial_eprice_ema_dist": 0.004670646348217332,
    "initial_qty_pct": 0.1,
    "markup_range": 0.08791787981903304,
    "min_markup": 0.04026581549093607,
    "n_close_orders": 3,
    "rentry_pprice_dist": 0.005,
    "rentry_pprice_dist_wallet_exposure_weighting": 5.769258832922977,
    "wallet_exposure_limit": 0.1966800910781843
  },
  "short": {
    "auto_unstuck_ema_dist": -0.012126415691189633,
    "auto_unstuck_wallet_exposure_threshold": 0.034719223672742355,
    "ddown_factor": 2.475626439762778,
    "ema_span_0": 43.18784147936115,
    "ema_span_1": 85.29249106778337,
    "enabled": false,
    "initial_eprice_ema_dist": -0.020983129171898922,
    "initial_qty_pct": 0.1,
    "markup_range": 0.050133385939712186,
    "min_markup": 0.001,
    "n_close_orders": 1,
    "rentry_pprice_dist": 0.005,
    "rentry_pprice_dist_wallet_exposure_weighting": 0.0,
    "wallet_exposure_limit": 0.13301751152969968
  }
}