{
  "config_name": "SUSHIUSDT long--0.00189600866360383 short-0.00146570742287147",
  "logging_level": 0,
  "long": {
    "auto_unstuck_ema_dist": -0.09974149488894835,
    "auto_unstuck_wallet_exposure_threshold": 0.012930035550092794,
    "ddown_factor": 0.48896358786529276,
    "ema_span_0": 33.27347796732823,
    "ema_span_1": 694.9906935707528,
    "enabled": false,
    "initial_eprice_ema_dist": 0.002410353585623832,
    "initial_qty_pct": 0.1,
    "markup_range": 0.06070558740170964,
    "min_markup": 0.0024501340972861462,
    "n_close_orders": 1,
    "rentry_pprice_dist": 0.007143035499591176,
    "rentry_pprice_dist_wallet_exposure_weighting": 5.966185672212467,
    "wallet_exposure_limit": 0.1085625564231898
  },
  "short": {
    "auto_unstuck_ema_dist": -0.08214249342857548,
    "auto_unstuck_wallet_exposure_threshold": 0.01204267905096506,
    "ddown_factor": 2.882449195553499,
    "ema_span_0": 40.98406470909927,
    "ema_span_1": 970.8586033824748,
    "enabled": true,
    "initial_eprice_ema_dist": -0.014838223402657785,
    "initial_qty_pct": 0.1,
    "markup_range": 0.014830353384512315,
    "min_markup": 0.001,
    "n_close_orders": 1,
    "rentry_pprice_dist": 0.06790663036890139,
    "rentry_pprice_dist_wallet_exposure_weighting": 50.03721093802491,
    "wallet_exposure_limit": 0.13334022537605114
  }
}