{
  "config_name": "SXPUSDT long-0.000847218797834732 short--0.000700466519090853",
  "logging_level": 0,
  "long": {
    "auto_unstuck_ema_dist": 0.0,
    "auto_unstuck_wallet_exposure_threshold": 0.012280434351519185,
    "ddown_factor": 1.9895126782839831,
    "ema_span_0": 42.55461521862985,
    "ema_span_1": 319.91986998701753,
    "enabled": true,
    "initial_eprice_ema_dist": -0.003986395227496758,
    "initial_qty_pct": 0.1,
    "markup_range": 0.011512815210021947,
    "min_markup": 0.010124465286164673,
    "n_close_orders": 2,
    "rentry_pprice_dist": 0.005,
    "rentry_pprice_dist_wallet_exposure_weighting": 1.3547462128173657,
    "wallet_exposure_limit": 0.1
  },
  "short": {
    "auto_unstuck_ema_dist": 0.0,
    "auto_unstuck_wallet_exposure_threshold": 0.05295738138523058,
    "ddown_factor": 0.3793692667036353,
    "ema_span_0": 47.013936444666165,
    "ema_span_1": 60.0,
    "enabled": true,
    "initial_eprice_ema_dist": -0.09820102307826864,
    "initial_qty_pct": 0.1,
    "markup_range": 0.0017261911898310283,
    "min_markup": 0.001,
    "n_close_orders": 2,
    "rentry_pprice_dist": 0.005,
    "rentry_pprice_dist_wallet_exposure_weighting": 0.0,
    "wallet_exposure_limit": 0.1
  }
}