{
  "config_name": "TLMUSDT long-0.00171879658151272 short-0.000354107760233715",
  "logging_level": 0,
  "long": {
    "auto_unstuck_ema_dist": 0.0,
    "auto_unstuck_wallet_exposure_threshold": 0.0034010523953491804,
    "ddown_factor": 0.2584344973573555,
    "ema_span_0": 52.22686715981357,
    "ema_span_1": 1384.3316693723043,
    "enabled": true,
    "initial_eprice_ema_dist": -0.008219923435615034,
    "initial_qty_pct": 0.1,
    "markup_range": 0.02537925332277969,
    "min_markup": 0.01575547871037117,
    "n_close_orders": 2,
    "rentry_pprice_dist": 0.019239934222428805,
    "rentry_pprice_dist_wallet_exposure_weighting": 0.20418234181971961,
    "wallet_exposure_limit": 0.1
  },
  "short": {
    "auto_unstuck_ema_dist": 0.0,
    "auto_unstuck_wallet_exposure_threshold": 0.07067473716457096,
    "ddown_factor": 1.3521575108160255,
    "ema_span_0": 15.384845763304755,
    "ema_span_1": 642.1669626244563,
    "enabled": true,
    "initial_eprice_ema_dist": 0.004647959555489328,
    "initial_qty_pct": 0.1,
    "markup_range": 0.00595559380656394,
    "min_markup": 0.004280369504303181,
    "n_close_orders": 2,
    "rentry_pprice_dist": 0.010201065488887464,
    "rentry_pprice_dist_wallet_exposure_weighting": 12.475961976696942,
    "wallet_exposure_limit": 0.1
  }
}