{
  "config_name": "UNFIUSDT long-0.002003203466296 short--0.0108071924219038",
  "logging_level": 0,
  "long": {
    "auto_unstuck_ema_dist": -0.007245809007693271,
    "auto_unstuck_wallet_exposure_threshold": 0.031042346408234656,
    "ddown_factor": 0.5494891856617329,
    "ema_span_0": 11.775499121308588,
    "ema_span_1": 420.8491846408608,
    "enabled": true,
    "initial_eprice_ema_dist": 0.004784014493897981,
    "initial_qty_pct": 0.02,
    "markup_range": 0.09333892989866464,
    "min_markup": 0.023710646329717838,
    "n_close_orders": 1,
    "rentry_pprice_dist": 0.012587771732253741,
    "rentry_pprice_dist_wallet_exposure_weighting": 0.32492347365956153,
    "wallet_exposure_limit": 0.18936092381076805
  },
  "short": {
    "auto_unstuck_ema_dist": -0.02379972554962463,
    "auto_unstuck_wallet_exposure_threshold": 0.015353062194227274,
    "ddown_factor": 0.016017176431409742,
    "ema_span_0": 60.0,
    "ema_span_1": 134.50961751780898,
    "enabled": false,
    "initial_eprice_ema_dist": -0.02486284720070469,
    "initial_qty_pct": 0.017673308181940177,
    "markup_range": 0.014990616700243629,
    "min_markup": 0.0024183131596619643,
    "n_close_orders": 6,
    "rentry_pprice_dist": 0.005,
    "rentry_pprice_dist_wallet_exposure_weighting": 0.0,
    "wallet_exposure_limit": 0.15525604066053902
  }
}