{
  "config_name": "UNIUSDT long-0.000677181527339378 short--0.00753575072978469",
  "logging_level": 0,
  "long": {
    "auto_unstuck_ema_dist": 0.0,
    "auto_unstuck_wallet_exposure_threshold": 0.09446465424358311,
    "ddown_factor": 2.4695890006844974,
    "ema_span_0": 55.668246640994774,
    "ema_span_1": 615.9788706993338,
    "enabled": true,
    "initial_eprice_ema_dist": 0.0034495885972918483,
    "initial_qty_pct": 0.1,
    "markup_range": 0.024502450228267834,
    "min_markup": 0.026223498232302533,
    "n_close_orders": 2,
    "rentry_pprice_dist": 0.007191167052001306,
    "rentry_pprice_dist_wallet_exposure_weighting": 0.30715109343167835,
    "wallet_exposure_limit": 0.1
  },
  "short": {
    "auto_unstuck_ema_dist": 0.0,
    "auto_unstuck_wallet_exposure_threshold": 0.009671381113973733,
    "ddown_factor": 1.9289552453409273,
    "ema_span_0": 3.3559406885568834,
    "ema_span_1": 328.8775825574494,
    "enabled": true,
    "initial_eprice_ema_dist": -0.007717777842647433,
    "initial_qty_pct": 0.1,
    "markup_range": 0.021780445482316408,
    "min_markup": 0.014576934375902201,
    "n_close_orders": 2,
    "rentry_pprice_dist": 0.04732592274052053,
    "rentry_pprice_dist_wallet_exposure_weighting": 40.55258219547662,
    "wallet_exposure_limit": 0.1
  }
}