{
  "config_name": "WAVESUSDT long--0.0021526722014352 short-0.00480165430991689",
  "logging_level": 0,
  "long": {
    "auto_unstuck_ema_dist": 0.05377435555073926,
    "auto_unstuck_wallet_exposure_threshold": 0.03982442076749331,
    "ddown_factor": 0.6491575175638354,
    "ema_span_0": 2.0347691668576084,
    "ema_span_1": 854.6467771423822,
    "enabled": false,
    "initial_eprice_ema_dist": 0.008834359996268347,
    "initial_qty_pct": 0.018280559768365366,
    "markup_range": 0.04917309587183966,
    "min_markup": 0.019349803862141645,
    "n_close_orders": 8,
    "rentry_pprice_dist": 0.024215050916626575,
    "rentry_pprice_dist_wallet_exposure_weighting": 18.70531572006564,
    "wallet_exposure_limit": 0.1552868550312342
  },
  "short": {
    "auto_unstuck_ema_dist": -0.002956431838551379,
    "auto_unstuck_wallet_exposure_threshold": 0.02990955857751486,
    "ddown_factor": 1.4041802929929985,
    "ema_span_0": 3.297316853285574,
    "ema_span_1": 60.0,
    "enabled": true,
    "initial_eprice_ema_dist": -0.01814936741672172,
    "initial_qty_pct": 0.015658262714093377,
    "markup_range": 0.05088431746704682,
    "min_markup": 0.005233585390316233,
    "n_close_orders": 6,
    "rentry_pprice_dist": 0.005,
    "rentry_pprice_dist_wallet_exposure_weighting": 0.0,
    "wallet_exposure_limit": 0.2
  }
}