{
  "config_name": "XLMUSDT long-0.000907207049209452 short--0.000526654563075824",
  "logging_level": 0,
  "long": {
    "auto_unstuck_ema_dist": 0.0,
    "auto_unstuck_wallet_exposure_threshold": 0.04670081389162429,
    "ddown_factor": 2.5292104889040465,
    "ema_span_0": 46.37217144767877,
    "ema_span_1": 609.535005757046,
    "enabled": true,
    "initial_eprice_ema_dist": -0.0010356870345588386,
    "initial_qty_pct": 0.1,
    "markup_range": 0.010539248893229856,
    "min_markup": 0.020431066591862886,
    "n_close_orders": 2,
    "rentry_pprice_dist": 0.006038351848798782,
    "rentry_pprice_dist_wallet_exposure_weighting": 1.6682232236946006,
    "wallet_exposure_limit": 0.1
  },
  "short": {
    "auto_unstuck_ema_dist": 0.0,
    "auto_unstuck_wallet_exposure_threshold": 0.0313828513647475,
    "ddown_factor": 1.4271105090378258,
    "ema_span_0": 53.469410461513455,
    "ema_span_1": 90.32384581985315,
    "enabled": true,
    "initial_eprice_ema_dist": 0.0016871865802343888,
    "initial_qty_pct": 0.1,
    "markup_range": 0.00967480543176557,
    "min_markup": 0.001,
    "n_close_orders": 2,
    "rentry_pprice_dist": 0.005,
    "rentry_pprice_dist_wallet_exposure_weighting": 0.22611459532159373,
    "wallet_exposure_limit": 0.1
  }
}