{
  "config_name": "XMRUSDT long-0.00309994102828617 short--0.000618804718457683",
  "logging_level": 0,
  "long": {
    "auto_unstuck_ema_dist": 0.2228046244074766,
    "auto_unstuck_wallet_exposure_threshold": 0.12217670520205186,
    "ddown_factor": 2.337990853095582,
    "ema_span_0": 47.14155511758088,
    "ema_span_1": 60.0,
    "enabled": true,
    "initial_eprice_ema_dist": 0.0071386543620237265,
    "initial_qty_pct": 0.1808369583143974,
    "markup_range": 0.030975066325698273,
    "min_markup": 0.00807259637111977,
    "n_close_orders": 2,
    "rentry_pprice_dist": 0.005,
    "rentry_pprice_dist_wallet_exposure_weighting": 5.5698204294478675,
    "wallet_exposure_limit": 0.19659705048800574
  },
  "short": {
    "auto_unstuck_ema_dist": 0.0,
    "auto_unstuck_wallet_exposure_threshold": 0.23980736553320559,
    "ddown_factor": 0.7001785180426504,
    "ema_span_0": 33.222478840488726,
    "ema_span_1": 88.89192966772599,
    "enabled": true,
    "initial_eprice_ema_dist": -0.0009436369902863941,
    "initial_qty_pct": 0.16733296609664966,
    "markup_range": 0.014766665042933166,
    "min_markup": 0.001,
    "n_close_orders": 2,
    "rentry_pprice_dist": 0.005,
    "rentry_pprice_dist_wallet_exposure_weighting": 0.0,
    "wallet_exposure_limit": 0.1785078639037418
  }
}