{
  "config_name": "XRPUSDT long-0.000643617060548135 short-0.000399455987420916",
  "logging_level": 0,
  "long": {
    "auto_unstuck_ema_dist": 0.05194004085634216,
    "auto_unstuck_wallet_exposure_threshold": 0.04981395516857506,
    "ddown_factor": 2.3714814819558616,
    "ema_span_0": 43.757206390852566,
    "ema_span_1": 359.74408376306127,
    "enabled": true,
    "initial_eprice_ema_dist": 0.012276877939564978,
    "initial_qty_pct": 0.1,
    "markup_range": 0.001,
    "min_markup": 0.016619627233031186,
    "n_close_orders": 1,
    "rentry_pprice_dist": 0.04872977135606954,
    "rentry_pprice_dist_wallet_exposure_weighting": 0.3872833018334898,
    "wallet_exposure_limit": 0.19662990394249905
  },
  "short": {
    "auto_unstuck_ema_dist": 0.05991729975617754,
    "auto_unstuck_wallet_exposure_threshold": 0.005489449113971697,
    "ddown_factor": 2.8862439445004062,
    "ema_span_0": 22.04678878271984,
    "ema_span_1": 1169.0516052419032,
    "enabled": true,
    "initial_eprice_ema_dist": -0.0018789106621853457,
    "initial_qty_pct": 0.1,
    "markup_range": 0.03517155830992174,
    "min_markup": 0.001,
    "n_close_orders": 1,
    "rentry_pprice_dist": 0.3850949561932328,
    "rentry_pprice_dist_wallet_exposure_weighting": 57.79197920390834,
    "wallet_exposure_limit": 0.1355972874942862
  }
}