{
  "config_name": "XTZUSDT long-0.000330391275317646 short--0.00423597199463648",
  "logging_level": 0,
  "long": {
    "auto_unstuck_ema_dist": 0.0096485518744091,
    "auto_unstuck_wallet_exposure_threshold": 0.009679776965168089,
    "ddown_factor": 1.6259669024375765,
    "ema_span_0": 43.49307950662535,
    "ema_span_1": 1263.2735029275245,
    "enabled": true,
    "initial_eprice_ema_dist": -0.008007942783601948,
    "initial_qty_pct": 0.1,
    "markup_range": 0.028378637810502077,
    "min_markup": 0.013932467739840776,
    "n_close_orders": 2,
    "rentry_pprice_dist": 0.005,
    "rentry_pprice_dist_wallet_exposure_weighting": 20.995250410467825,
    "wallet_exposure_limit": 0.1
  },
  "short": {
    "auto_unstuck_ema_dist": -0.0024041123706651643,
    "auto_unstuck_wallet_exposure_threshold": 0.041432781475597036,
    "ddown_factor": 1.5848054593748906,
    "ema_span_0": 31.150787958636936,
    "ema_span_1": 105.10535704669766,
    "enabled": false,
    "initial_eprice_ema_dist": -0.004266599490430715,
    "initial_qty_pct": 0.1,
    "markup_range": 0.00886680584760335,
    "min_markup": 0.003929743528515818,
    "n_close_orders": 9,
    "rentry_pprice_dist": 0.005,
    "rentry_pprice_dist_wallet_exposure_weighting": 0.0,
    "wallet_exposure_limit": 0.1954545184263526
  }
}