{
  "config_name": "YFIIUSDT long-0.000104916580379089 short-0.000383476349204756",
  "logging_level": 0,
  "long": {
    "auto_unstuck_ema_dist": 0.011034540105153987,
    "auto_unstuck_wallet_exposure_threshold": 0.008445645729672097,
    "ddown_factor": 0.10090471933793033,
    "ema_span_0": 45.49350415044245,
    "ema_span_1": 1428.2100155033063,
    "enabled": true,
    "initial_eprice_ema_dist": 0.01271176215063749,
    "initial_qty_pct": 0.1,
    "markup_range": 0.0031976895925342587,
    "min_markup": 0.05182327585929685,
    "n_close_orders": 2,
    "rentry_pprice_dist": 0.010926563821134855,
    "rentry_pprice_dist_wallet_exposure_weighting": 0.0,
    "wallet_exposure_limit": 0.2
  },
  "short": {
    "auto_unstuck_ema_dist": -0.09120515906504918,
    "auto_unstuck_wallet_exposure_threshold": 0.01254244462501027,
    "ddown_factor": 1.6795890883149889,
    "ema_span_0": 58.27268023122934,
    "ema_span_1": 245.09465883843404,
    "enabled": true,
    "initial_eprice_ema_dist": -0.008521609182076915,
    "initial_qty_pct": 0.1,
    "markup_range": 0.0851298526674158,
    "min_markup": 0.001,
    "n_close_orders": 2,
    "rentry_pprice_dist": 0.005,
    "rentry_pprice_dist_wallet_exposure_weighting": 0.8093167216876902,
    "wallet_exposure_limit": 0.2
  }
}