{
  "config_name": "YFIUSDT long-0.00163462538236794 short--0.00840390483894226",
  "logging_level": 0,
  "long": {
    "auto_unstuck_ema_dist": 0.0,
    "auto_unstuck_wallet_exposure_threshold": 0.05190456791514874,
    "ddown_factor": 1.0612415955574133,
    "ema_span_0": 59.354010022307186,
    "ema_span_1": 1136.4307470612894,
    "enabled": true,
    "initial_eprice_ema_dist": 0.005267802622557122,
    "initial_qty_pct": 0.1,
    "markup_range": 0.0095834261232672,
    "min_markup": 0.008709656362895446,
    "n_close_orders": 2,
    "rentry_pprice_dist": 0.006978875813641781,
    "rentry_pprice_dist_wallet_exposure_weighting": 77.27214386615333,
    "wallet_exposure_limit": 0.1
  },
  "short": {
    "auto_unstuck_ema_dist": 0.0,
    "auto_unstuck_wallet_exposure_threshold": 0.028395744195153703,
    "ddown_factor": 0.4972251207572904,
    "ema_span_0": 20.697555956467582,
    "ema_span_1": 60.0,
    "enabled": true,
    "initial_eprice_ema_dist": 0.0013036868438619446,
    "initial_qty_pct": 0.1,
    "markup_range": 0.02113571574840482,
    "min_markup": 0.016180698473473948,
    "n_close_orders": 2,
    "rentry_pprice_dist": 0.03467576604419557,
    "rentry_pprice_dist_wallet_exposure_weighting": 86.90897914225106,
    "wallet_exposure_limit": 0.1
  }
}