{
  "config_name": "ZECUSDT long-0.00143466218080308 short--0.00307261180079119",
  "logging_level": 0,
  "long": {
    "auto_unstuck_ema_dist": 0.0,
    "auto_unstuck_wallet_exposure_threshold": 0.010079989544609815,
    "ddown_factor": 2.2985645254412943,
    "ema_span_0": 39.054855134173025,
    "ema_span_1": 326.5608748390123,
    "enabled": true,
    "initial_eprice_ema_dist": -0.02684798846437565,
    "initial_qty_pct": 0.1,
    "markup_range": 0.004975970773345088,
    "min_markup": 0.026103883930969348,
    "n_close_orders": 2,
    "rentry_pprice_dist": 0.0059920550499069376,
    "rentry_pprice_dist_wallet_exposure_weighting": 2.165689420519916,
    "wallet_exposure_limit": 0.1
  },
  "short": {
    "auto_unstuck_ema_dist": 0.0,
    "auto_unstuck_wallet_exposure_threshold": 0.011252669341525067,
    "ddown_factor": 1.6438393348723184,
    "ema_span_0": 3.691506144535497,
    "ema_span_1": 60.0,
    "enabled": true,
    "initial_eprice_ema_dist": 0.000781306001767044,
    "initial_qty_pct": 0.1,
    "markup_range": 0.0018114000861136903,
    "min_markup": 0.0026351969689620796,
    "n_close_orders": 2,
    "rentry_pprice_dist": 0.006180036206213777,
    "rentry_pprice_dist_wallet_exposure_weighting": 0.8626854812799185,
    "wallet_exposure_limit": 0.1
  }
}