{
  "config_name": "ZILUSDT long-0.0102617034166955 short--0.0171204551427485",
  "logging_level": 1,
  "long": {
    "auto_unstuck_ema_dist": 0.008116205739807418,
    "auto_unstuck_wallet_exposure_threshold": 0.3633453088022278,
    "ddown_factor": 1.7370055319940099,
    "ema_span_0": 35.81892473406318,
    "ema_span_1": 211.0312143468946,
    "enabled": true,
    "initial_eprice_ema_dist": -0.09688714189628975,
    "initial_qty_pct": 0.11552767907980214,
    "markup_range": 0.013144323408351052,
    "min_markup": 0.04082639749383982,
    "n_close_orders": 2,
    "rentry_pprice_dist": 0.005,
    "rentry_pprice_dist_wallet_exposure_weighting": 9.891287935792668,
    "wallet_exposure_limit": 0.18909750252261745
  },
  "short": {
    "auto_unstuck_ema_dist": 0.0,
    "auto_unstuck_wallet_exposure_threshold": 0.19437869314647552,
    "ddown_factor": 0.19071505526757535,
    "ema_span_0": 26.926357659877652,
    "ema_span_1": 60.0,
    "enabled": true,
    "initial_eprice_ema_dist": -0.002087321255914945,
    "initial_qty_pct": 0.13017900981507133,
    "markup_range": 0.00870985400217146,
    "min_markup": 0.008271829967381098,
    "n_close_orders": 2,
    "rentry_pprice_dist": 0.005,
    "rentry_pprice_dist_wallet_exposure_weighting": 2.8349626888222668,
    "wallet_exposure_limit": 0.17610602655631336
  }
}